id,fen,solution_ucis,category,sub_level,difficulty,title,theme,prompt,rating,rating_label,tags,explanation,active,source,lichess_id,nb_plays,popularity,opening_tags
lc_DGEyG,rn2k2r/pQ2nppp/2p5/8/4p1bN/P5P1/P1qP1PBP/R1B1K2R b KQkq - 2 11,"{""c2d1""}",pawn,1,beginner,Pawn 1 · Mate In1,mateIn1,Black to move.,789,Novice,"{""mate"",""mateIn1"",""oneMove"",""opening""}",Checkmate in one — find the single move that ends the game immediately.,true,lichess,DGEyG,6400,95,"{""Kings_Pawn_Game"",""Kings_Pawn_Game_Other_variations""}"
lc_9sdyh,r2q1rk1/bpp2pp1/p2p1n1p/3Np3/1PP1P1b1/P5P1/1B1PQPBP/R4RK1 w - - 1 13,"{""d5f6"",""d8f6"",""e2g4""}",pawn,1,beginner,Pawn 1 · Crushing,crushing,White to move.,901,Novice,"{""crushing"",""kingsideAttack"",""middlegame"",""short""}",Find the strongest continuation and seize the advantage.,true,lichess,9sdyh,10404,96,"{""Kings_Pawn_Game"",""Kings_Pawn_Game_Other_variations""}"
lc_zG7G6,r1bq1rnk/pp3p1n/2pp1P1Q/2b1p3/2B1P3/2NP1N2/PPP3PP/R4R1K w - - 1 15,"{""h6g7""}",pawn,1,beginner,Pawn 1 · Mate In1,mateIn1,White to move.,921,Novice,"{""mate"",""mateIn1"",""middlegame"",""oneMove""}",Checkmate in one — find the single move that ends the game immediately.,true,lichess,zG7G6,15747,100,"{""Bishops_Opening"",""Bishops_Opening_Vienna_Hybrid""}"
lc_nCEuI,r2q1rk1/pQp3b1/3p2pp/4p3/8/1PPb3P/1P1NNPP1/R4RK1 w - - 0 17,"{""b7d5"",""g8h7"",""d5d3""}",pawn,1,beginner,Pawn 1 · Fork,fork,White to move.,924,Novice,"{""advantage"",""fork"",""middlegame"",""short""}","A fork — one piece attacks two enemy pieces at once, forcing a material win.",true,lichess,nCEuI,5298,96,"{""Kings_Pawn_Game"",""Kings_Pawn_Game_Wayward_Queen_Attack""}"
lc_opcFP,krQ5/3p3p/p7/P7/8/4r3/1PP2qPP/6RK w - - 2 30,"{""c8a6""}",pawn,1,beginner,Pawn 1 · Mate In1,mateIn1,White to move.,938,Novice,"{""endgame"",""mate"",""mateIn1"",""oneMove""}",Checkmate in one — find the single move that ends the game immediately.,true,lichess,opcFP,6022,97,{}
lc_OqK7n,r2qk2r/pppn3p/3bBp2/4p1p1/3n4/2NP4/PPP2PPP/R1BQK2R w KQkq - 2 11,"{""d1h5"",""e8e7"",""h5f7""}",pawn,1,beginner,Pawn 1 · Mate In2,mateIn2,White to move.,939,Novice,"{""mate"",""mateIn2"",""opening"",""short""}",Checkmate in two — a forced sequence that delivers checkmate on move two.,true,lichess,OqK7n,5159,97,"{""Scandinavian_Defense"",""Scandinavian_Defense_Other_variations""}"
lc_trjCm,r1b1r1k1/2p2ppp/2p5/p2pq3/P4Q2/1BP1P3/2P3PP/R4RK1 w - - 0 17,"{""f4f7"",""g8h8"",""f7f8"",""e8f8"",""f1f8""}",pawn,1,beginner,Pawn 1 · Mate In3,mateIn3,White to move.,941,Novice,"{""backRankMate"",""long"",""mate"",""mateIn3"",""middlegame"",""sacrifice""}",Checkmate in three — calculate the forcing line all the way to mate.,true,lichess,trjCm,6224,98,"{""Italian_Game"",""Italian_Game_Other_variations""}"
lc_I0gjb,6k1/1Q3pp1/p4q1p/8/P3P3/5P2/3r2PP/2R3K1 b - - 0 27,"{""f6d4"",""g1h1"",""d2d1"",""c1d1"",""d4d1""}",pawn,1,beginner,Pawn 1 · Mate In3,mateIn3,Black to move.,941,Novice,"{""backRankMate"",""endgame"",""long"",""mate"",""mateIn3""}",Checkmate in three — calculate the forcing line all the way to mate.,true,lichess,I0gjb,4881,97,{}
lc_ivT2L,4rrk1/7p/p1p1qBp1/2p1P3/P6Q/8/1PP5/6RK w - - 2 27,"{""g1g6"",""h7g6"",""h4h8"",""g8f7"",""h8g7""}",pawn,1,beginner,Pawn 1 · Mate In3,mateIn3,White to move.,943,Novice,"{""endgame"",""epauletteMate"",""long"",""mate"",""mateIn3"",""sacrifice""}",Checkmate in three — calculate the forcing line all the way to mate.,true,lichess,ivT2L,4858,97,{}
lc_RCz4L,r1r3k1/3n1ppp/p3p3/Np6/1P2p3/P1q1Q3/2P2PPP/3RK2R w K - 0 21,"{""e3c3"",""c8c3"",""d1d7""}",pawn,1,beginner,Pawn 1 · Advantage,advantage,White to move.,944,Novice,"{""advantage"",""middlegame"",""short""}",Find the strongest continuation and seize the advantage.,true,lichess,RCz4L,15802,98,{}
lc_rh4xq,6r1/p4p2/1pB4p/3pkP2/P1n3PP/1KP5/2P5/3R4 b - - 11 29,"{""c4a5"",""b3a3"",""a5c6""}",pawn,1,beginner,Pawn 1 · Fork,fork,Black to move.,947,Novice,"{""crushing"",""endgame"",""fork"",""short""}","A fork — one piece attacks two enemy pieces at once, forcing a material win.",true,lichess,rh4xq,5994,97,{}
lc_QbEhs,5r2/1p1n1p1k/p1b2npp/3qrN2/8/P1PP1PPB/2PQ2KP/4R3 w - - 0 25,"{""d2h6"",""h7g8"",""h6g7""}",pawn,2,beginner,Pawn 2 · Mate In2,mateIn2,White to move.,948,Novice,"{""mate"",""mateIn2"",""middlegame"",""short""}",Checkmate in two — a forced sequence that delivers checkmate on move two.,true,lichess,QbEhs,17310,99,{}
lc_t9Iru,rn1qk2r/ppp1b2p/4pp2/4N3/3p4/8/PPP2PPP/RN1QK2R w KQkq - 0 10,"{""d1h5"",""e8f8"",""h5f7""}",pawn,2,beginner,Pawn 2 · Mate In2,mateIn2,White to move.,955,Novice,"{""mate"",""mateIn2"",""middlegame"",""short""}",Checkmate in two — a forced sequence that delivers checkmate on move two.,true,lichess,t9Iru,6331,96,"{""Philidor_Defense"",""Philidor_Defense_Morphy_Gambit""}"
lc_7MeW9,8/1p4kp/5r2/p1p3K1/Pn1p4/7R/8/1B6 w - - 0 42,"{""h3h7"",""g7f8"",""g5f6""}",pawn,2,beginner,Pawn 2 · Deflection,deflection,White to move.,957,Novice,"{""crushing"",""deflection"",""endgame"",""master"",""short""}",A deflection — lure a defending piece away from the square it was guarding.,true,lichess,7MeW9,5617,96,{}
lc_WrbiP,r2qk2r/1p1b1pp1/p3p3/3pP2p/P4Bn1/1P1B2P1/2P3PP/R2QR1K1 b kq - 0 19,"{""d8b6"",""f4e3"",""g4e3"",""e1e3"",""b6e3""}",pawn,2,beginner,Pawn 2 · Crushing,crushing,Black to move.,957,Novice,"{""crushing"",""kingsideAttack"",""long"",""middlegame""}",Find the strongest continuation and seize the advantage.,true,lichess,WrbiP,4864,97,"{""Caro-Kann_Defense"",""Caro-Kann_Defense_Hillbilly_Attack""}"
lc_yxlSp,r4rk1/pp1bp1b1/2p2qpp/5p2/8/2NB3P/PPP1R1P1/2KR2Q1 w - - 6 20,"{""d3c4"",""g8h8"",""d1d7""}",pawn,2,beginner,Pawn 2 · Discovered Attack,discoveredAttack,White to move.,958,Novice,"{""advantage"",""discoveredAttack"",""middlegame"",""short""}",A discovered attack — moving one piece uncovers a deadly attack from another.,true,lichess,yxlSp,7651,96,"{""Blackmar-Diemer_Gambit"",""Blackmar-Diemer_Gambit_Netherlands_Variation""}"
lc_fwpGK,r2q3r/ppp1k2p/5p2/n1bPpQ2/3p4/3P4/PPP2PPP/R1B1K2R w KQ - 1 16,"{""f5e6"",""e7f8"",""c1h6""}",pawn,2,beginner,Pawn 2 · Mate In2,mateIn2,White to move.,959,Novice,"{""mate"",""mateIn2"",""middlegame"",""short""}",Checkmate in two — a forced sequence that delivers checkmate on move two.,true,lichess,fwpGK,6631,97,"{""Scandinavian_Defense"",""Scandinavian_Defense_Other_variations""}"
lc_CVLl6,r1b2rk1/1p3ppp/pq6/2p1Q3/4PP2/3B3P/PPP3P1/R4RK1 b - - 0 18,"{""c5c4"",""g1h1"",""c4d3""}",pawn,2,beginner,Pawn 2 · Discovered Attack,discoveredAttack,Black to move.,963,Novice,"{""advantage"",""discoveredAttack"",""discoveredCheck"",""middlegame"",""short""}",A discovered attack — moving one piece uncovers a deadly attack from another.,true,lichess,CVLl6,4876,97,"{""Sicilian_Defense"",""Sicilian_Defense_Other_variations""}"
lc_FMGZk,4kr2/1p2n1p1/p4q1p/8/3pQ3/P7/BP3PPP/4R1K1 b - - 6 30,"{""f6f2"",""g1h1"",""f2f1"",""e1f1"",""f8f1""}",pawn,2,beginner,Pawn 2 · Mate In3,mateIn3,Black to move.,963,Novice,"{""backRankMate"",""endgame"",""long"",""mate"",""mateIn3"",""sacrifice""}",Checkmate in three — calculate the forcing line all the way to mate.,true,lichess,FMGZk,4814,97,{}
lc_SFYLd,8/R5pk/7p/7P/4NPK1/6P1/pr3P2/r7 w - - 4 49,"{""e4f6"",""h7h8"",""a7a8"",""b2b8"",""a8b8""}",pawn,2,beginner,Pawn 2 · Mate In3,mateIn3,White to move.,964,Novice,"{""endgame"",""long"",""mate"",""mateIn3"",""pin""}",Checkmate in three — calculate the forcing line all the way to mate.,true,lichess,SFYLd,5407,97,{}
lc_1vFH3,r3r1k1/pp1n3p/1np3p1/6N1/4bQ2/8/PqP2PPP/R3R1K1 w - - 0 23,"{""f4f7"",""g8h8"",""f7h7""}",pawn,2,beginner,Pawn 2 · Mate In2,mateIn2,White to move.,965,Novice,"{""kingsideAttack"",""mate"",""mateIn2"",""middlegame"",""short""}",Checkmate in two — a forced sequence that delivers checkmate on move two.,true,lichess,1vFH3,6543,97,{}
lc_XqNBR,rnbqk1nr/ppppb2p/8/6p1/2B1Pp1P/8/PPPP2P1/RNBQK2R w KQkq - 0 7,"{""d1h5"",""e8f8"",""h5f7""}",pawn,2,beginner,Pawn 2 · Mate In2,mateIn2,White to move.,966,Novice,"{""mate"",""mateIn2"",""opening"",""short""}",Checkmate in two — a forced sequence that delivers checkmate on move two.,true,lichess,XqNBR,6488,97,"{""Kings_Gambit_Accepted"",""Kings_Gambit_Accepted_Kings_Knights_Gambit""}"
lc_Plskc,1r4k1/5pp1/Rp3r2/2pP1q2/2P1p1B1/4P1Pp/5P1P/R2Q1NK1 b - - 0 34,"{""f5f2"",""g1h1"",""f2g2""}",pawn,2,beginner,Pawn 2 · Mate In2,mateIn2,Black to move.,966,Novice,"{""kingsideAttack"",""mate"",""mateIn2"",""middlegame"",""short""}",Checkmate in two — a forced sequence that delivers checkmate on move two.,true,lichess,Plskc,4893,96,{}
lc_kDWxe,1R6/6R1/1p2k1p1/3n4/2P5/6r1/KP6/8 b - - 2 60,"{""d5b4"",""a2a1"",""g3g1""}",pawn,2,beginner,Pawn 2 · Mate In2,mateIn2,Black to move.,968,Novice,"{""endgame"",""mate"",""mateIn2"",""short""}",Checkmate in two — a forced sequence that delivers checkmate on move two.,true,lichess,kDWxe,5175,96,{}
lc_rit2V,3q1r1k/6pp/p3Qp2/1p5P/5NP1/3n2K1/PPr5/7R w - - 0 31,"{""f4g6"",""h7g6"",""h5g6"",""c2h2"",""h1h2""}",pawn,3,beginner,Pawn 3 · Mate In3,mateIn3,White to move.,968,Novice,"{""discoveredAttack"",""discoveredCheck"",""long"",""mate"",""mateIn3"",""middlegame"",""sacrifice""}",Checkmate in three — calculate the forcing line all the way to mate.,true,lichess,rit2V,5136,98,{}
lc_M1nMx,rnb2r2/pp2qppk/2ppN3/3nP3/6Q1/8/PPPB1PPP/R4RK1 w - - 2 16,"{""g4g7""}",pawn,3,beginner,Pawn 3 · Mate In1,mateIn1,White to move.,969,Novice,"{""master"",""mate"",""mateIn1"",""middlegame"",""oneMove""}",Checkmate in one — find the single move that ends the game immediately.,true,lichess,M1nMx,7209,96,"{""Caro-Kann_Defense"",""Caro-Kann_Defense_Other_variations""}"
lc_W8vsp,3rr1k1/p4ppp/B1p5/Qp1n1b2/3B4/2P5/PP3PPP/RN3K2 b - - 0 21,"{""f5d3"",""f1g1"",""e8e1""}",pawn,3,beginner,Pawn 3 · Mate In2,mateIn2,Black to move.,969,Novice,"{""backRankMate"",""mate"",""mateIn2"",""middlegame"",""short""}",Checkmate in two — a forced sequence that delivers checkmate on move two.,true,lichess,W8vsp,5715,96,{}
lc_UHLTl,r4b2/p1p2Q2/1p4p1/7k/4p1bq/1B1P1n2/PPP1KP2/RNB5 w - - 1 24,"{""f7h7"",""f8h6"",""h7h6""}",pawn,3,beginner,Pawn 3 · Mate In2,mateIn2,White to move.,969,Novice,"{""mate"",""mateIn2"",""middlegame"",""short""}",Checkmate in two — a forced sequence that delivers checkmate on move two.,true,lichess,UHLTl,5434,96,{}
lc_i8hQc,r2qr1k1/1p2bppp/p2p1n2/2p1p3/3nP3/2PPB1P1/PP1QNP1P/R2B1RK1 b - - 0 13,"{""d4f3"",""g1g2"",""f3d2""}",pawn,3,beginner,Pawn 3 · Fork,fork,Black to move.,970,Novice,"{""crushing"",""fork"",""opening"",""short""}","A fork — one piece attacks two enemy pieces at once, forcing a material win.",true,lichess,i8hQc,4818,96,"{""Sicilian_Defense"",""Sicilian_Defense_Old_Sicilian""}"
lc_VtIeD,r1bq2k1/pp4pp/4p3/3pP3/3P4/2P2Q2/PP4PP/5RK1 w - - 2 21,"{""f3f7"",""g8h8"",""f7f8"",""d8f8"",""f1f8""}",pawn,3,beginner,Pawn 3 · Mate In3,mateIn3,White to move.,972,Novice,"{""backRankMate"",""endgame"",""long"",""mate"",""mateIn3""}",Checkmate in three — calculate the forcing line all the way to mate.,true,lichess,VtIeD,5687,96,{}
lc_yefsS,7k/1p2b1pB/p3P2p/1b1p4/1P1B1qP1/P2Q3P/6K1/8 w - - 5 31,"{""d4g7"",""h8g7"",""d3g6"",""g7h8"",""g6g8""}",pawn,3,beginner,Pawn 3 · Mate In3,mateIn3,White to move.,972,Novice,"{""attraction"",""endgame"",""long"",""mate"",""mateIn3"",""sacrifice""}",Checkmate in three — calculate the forcing line all the way to mate.,true,lichess,yefsS,5472,95,{}
lc_PnxdM,4r1k1/pp3r2/6pp/2qpB3/4b3/P6P/1P1N1PP1/R2QR1K1 b - - 0 21,"{""c5f2"",""g1h2"",""f2g2""}",pawn,3,beginner,Pawn 3 · Mate In2,mateIn2,Black to move.,972,Novice,"{""kingsideAttack"",""master"",""mate"",""mateIn2"",""middlegame"",""short""}",Checkmate in two — a forced sequence that delivers checkmate on move two.,true,lichess,PnxdM,5385,96,{}
lc_vVTZs,r5k1/1R3pbp/3B2p1/p1pP4/1nP5/1K3N1P/P4PP1/8 b - - 0 24,"{""a5a4"",""b3a3"",""b4c2""}",pawn,3,beginner,Pawn 3 · Mate In2,mateIn2,Black to move.,972,Novice,"{""endgame"",""mate"",""mateIn2"",""short""}",Checkmate in two — a forced sequence that delivers checkmate on move two.,true,lichess,vVTZs,5116,97,{}
lc_g3O00,3R4/5rpk/7p/8/4qr2/3Q4/PP4RP/7K b - - 3 40,"{""f4f1"",""d3f1"",""f7f1""}",pawn,3,beginner,Pawn 3 · Mate In2,mateIn2,Black to move.,972,Novice,"{""endgame"",""mate"",""mateIn2"",""short""}",Checkmate in two — a forced sequence that delivers checkmate on move two.,true,lichess,g3O00,4923,98,{}
lc_cAsj5,7k/6p1/p5q1/6rp/7Q/6RP/PP5K/3R4 b - - 0 29,"{""g6c2"",""d1d2"",""c2d2""}",pawn,3,beginner,Pawn 3 · Fork,fork,Black to move.,973,Novice,"{""crushing"",""endgame"",""fork"",""short""}","A fork — one piece attacks two enemy pieces at once, forcing a material win.",true,lichess,cAsj5,6006,96,{}
lc_8vdht,6k1/pp6/2p1p1q1/3pP1r1/3P1Qp1/2P1p2P/PP6/5RK1 w - - 0 30,"{""f4f8"",""g8h7"",""f1f7"",""g6f7"",""f8f7""}",pawn,3,beginner,Pawn 3 · Endgame,endgame,White to move.,973,Novice,"{""crushing"",""endgame"",""exposedKing"",""long""}",An endgame technique — precise play with few pieces where every tempo counts.,true,lichess,8vdht,5941,96,{}
lc_ueoWa,4r1k1/p4ppp/1b6/3Q4/4q3/7P/6P1/5R1K w - - 0 29,"{""d5f7"",""g8h8"",""f7f8"",""e8f8"",""f1f8""}",pawn,3,beginner,Pawn 3 · Mate In3,mateIn3,White to move.,973,Novice,"{""backRankMate"",""endgame"",""long"",""mate"",""mateIn3"",""sacrifice""}",Checkmate in three — calculate the forcing line all the way to mate.,true,lichess,ueoWa,5394,98,{}
lc_soAJO,rn3rk1/pbppq1pp/1p6/2bP4/2BNpp2/8/PPP1Q1PP/R1B1R1K1 w - - 2 13,"{""d5d6"",""e7f7"",""c4f7""}",pawn,3,beginner,Pawn 3 · Discovered Attack,discoveredAttack,White to move.,974,Novice,"{""advantage"",""discoveredAttack"",""discoveredCheck"",""kingsideAttack"",""opening"",""short""}",A discovered attack — moving one piece uncovers a deadly attack from another.,true,lichess,soAJO,6218,96,"{""Kings_Gambit_Accepted"",""Kings_Gambit_Accepted_Bishops_Gambit""}"
lc_JYErG,1k1r1b1r/3qppp1/1p3n2/1N6/3P3p/4P1P1/1P3PBP/R1B2RK1 w - - 0 21,"{""a1a8""}",pawn,3,beginner,Pawn 3 · Mate In1,mateIn1,White to move.,975,Novice,"{""mate"",""mateIn1"",""middlegame"",""oneMove"",""operaMate""}",Checkmate in one — find the single move that ends the game immediately.,true,lichess,JYErG,11362,97,{}
lc_Cx9F3,8/1p4pk/2q4p/2B1p3/4Pr2/2P5/PP3p1Q/3R1R1K b - - 2 36,"{""c6e4"",""h2g2"",""f4h4""}",pawn,4,beginner,Pawn 4 · Mate In2,mateIn2,Black to move.,975,Novice,"{""endgame"",""mate"",""mateIn2"",""pin"",""short""}",Checkmate in two — a forced sequence that delivers checkmate on move two.,true,lichess,Cx9F3,4842,95,{}
lc_cFzNf,4r1k1/pp3p1p/5Rp1/8/q1n1P3/1P6/P1P1Q1PP/2KR4 b - - 0 25,"{""a4a3"",""c1b1"",""a3b2""}",pawn,4,beginner,Pawn 4 · Mate In2,mateIn2,Black to move.,975,Novice,"{""endgame"",""mate"",""mateIn2"",""queensideAttack"",""short""}",Checkmate in two — a forced sequence that delivers checkmate on move two.,true,lichess,cFzNf,4819,97,{}
lc_eXEmt,7k/6pp/1p2r3/p7/q7/7P/P5P1/4RRK1 w - - 0 31,"{""f1f8""}",pawn,4,beginner,Pawn 4 · Mate In1,mateIn1,White to move.,976,Novice,"{""backRankMate"",""endgame"",""mate"",""mateIn1"",""oneMove"",""queenRookEndgame""}",Checkmate in one — find the single move that ends the game immediately.,true,lichess,eXEmt,5141,95,{}
lc_u74Bs,2Q5/6pk/p5pp/8/7K/2P2N1P/PP4r1/8 b - - 0 33,"{""g6g5"",""f3g5"",""h6g5"",""h4h5"",""g7g6""}",pawn,4,beginner,Pawn 4 · Mate In3,mateIn3,Black to move.,976,Novice,"{""endgame"",""long"",""mate"",""mateIn3""}",Checkmate in three — calculate the forcing line all the way to mate.,true,lichess,u74Bs,4898,97,{}
lc_mxU4M,2kr4/ppp2pp1/1b6/5N2/Pn5p/8/2P1N1PP/3R1K2 w - - 0 25,"{""f5e7"",""c8b8"",""d1d8""}",pawn,4,beginner,Pawn 4 · Mate In2,mateIn2,White to move.,977,Novice,"{""backRankMate"",""deflection"",""endgame"",""mate"",""mateIn2"",""short""}",Checkmate in two — a forced sequence that delivers checkmate on move two.,true,lichess,mxU4M,5270,97,{}
lc_f4OA4,r2qk2r/ppp1bppp/2n5/4p3/4P3/1PQ3P1/P1P1NP1P/R1B1K2R b KQkq - 4 12,"{""e7b4"",""e1g1"",""b4c3""}",pawn,4,beginner,Pawn 4 · Pin,pin,Black to move.,978,Novice,"{""crushing"",""middlegame"",""pin"",""short""}",A pin — the attacked piece can't move without exposing a more valuable piece behind it.,true,lichess,f4OA4,9316,95,"{""Kings_Pawn_Game"",""Kings_Pawn_Game_Other_variations""}"
lc_XWCFS,5k1r/1prbb1p1/p7/3pNp1p/P2P4/3B3P/3K4/1R4R1 w - - 0 31,"{""e5g6"",""f8f7"",""g6h8""}",pawn,4,beginner,Pawn 4 · Fork,fork,White to move.,978,Novice,"{""advantage"",""fork"",""master"",""middlegame"",""short""}","A fork — one piece attacks two enemy pieces at once, forcing a material win.",true,lichess,XWCFS,6742,96,{}
lc_jLXRy,8/q4k2/5r1p/p2p1Qp1/P2P4/2P4P/5PP1/6K1 w - - 0 42,"{""f5h7"",""f7e6"",""h7a7""}",pawn,4,beginner,Pawn 4 · Skewer,skewer,White to move.,979,Novice,"{""crushing"",""endgame"",""short"",""skewer""}","A skewer — the higher-value piece is forced to move, losing the piece behind it.",true,lichess,jLXRy,5686,96,{}
lc_qvFfc,r1bqk2r/pp1n1pb1/3Bp2p/1BPp2p1/3P4/7P/PP3PP1/R2QK1NR b KQkq - 1 13,"{""d8a5"",""d1d2"",""a5b5""}",pawn,4,beginner,Pawn 4 · Fork,fork,Black to move.,979,Novice,"{""advantage"",""fork"",""opening"",""short""}","A fork — one piece attacks two enemy pieces at once, forcing a material win.",true,lichess,qvFfc,5179,96,"{""Queens_Gambit_Declined"",""Queens_Gambit_Declined_Normal_Defense""}"
lc_IFMUY,r1bq3r/pp2k1pp/3p1n2/3Bp1B1/1Q1nP3/2N5/PP3PPP/R3K1NR b KQ - 1 11,"{""d4c2"",""e1f1"",""c2b4""}",pawn,4,beginner,Pawn 4 · Fork,fork,Black to move.,979,Novice,"{""crushing"",""fork"",""opening"",""short""}","A fork — one piece attacks two enemy pieces at once, forcing a material win.",true,lichess,IFMUY,5157,96,"{""Sicilian_Defense"",""Sicilian_Defense_Smith-Morra_Gambit""}"
lc_5daeH,8/8/2p1R2r/p1P3pk/1n6/1P5P/5PPK/8 w - - 0 36,"{""g2g4"",""h5h4"",""e6h6""}",pawn,4,beginner,Pawn 4 · Mate In2,mateIn2,White to move.,979,Novice,"{""deflection"",""endgame"",""mate"",""mateIn2"",""short""}",Checkmate in two — a forced sequence that delivers checkmate on move two.,true,lichess,5daeH,4863,97,{}
lc_lWlc4,r1bq1rk1/ppppB1b1/2n3pp/1B1NPp1n/3P4/5N2/PPP2PPP/R2QK2R b KQ - 0 9,"{""c6e7"",""d5e7"",""d8e7""}",pawn,4,beginner,Pawn 4 · Advantage,advantage,Black to move.,980,Novice,"{""advantage"",""opening"",""short""}",Find the strongest continuation and seize the advantage.,true,lichess,lWlc4,6028,96,"{""Modern_Defense"",""Modern_Defense_Other_variations""}"
lc_Jv3fH,3r2k1/p4ppp/1p6/3QP1q1/7n/P1P3P1/5R1P/3b2K1 w - - 2 28,"{""d5f7"",""g8h8"",""f7f8"",""d8f8"",""f2f8""}",pawn,4,beginner,Pawn 4 · Mate In3,mateIn3,White to move.,980,Novice,"{""backRankMate"",""endgame"",""long"",""mate"",""mateIn3"",""sacrifice""}",Checkmate in three — calculate the forcing line all the way to mate.,true,lichess,Jv3fH,5721,96,{}
lc_PdRmh,7k/5p2/p4Pp1/1pQ1P3/6P1/1KP5/PP4qr/8 w - - 0 37,"{""c5f8"",""h8h7"",""f8g7""}",pawn,4,beginner,Pawn 4 · Mate In2,mateIn2,White to move.,981,Novice,"{""endgame"",""mate"",""mateIn2"",""short""}",Checkmate in two — a forced sequence that delivers checkmate on move two.,true,lichess,PdRmh,8181,98,{}
lc_vO1MZ,rnbqk2r/pp2bppp/3ppn2/6B1/3N4/3BP3/PPP2PPP/RN1QK2R b KQkq - 3 7,"{""d8a5"",""b1c3"",""a5g5""}",pawn,4,beginner,Pawn 4 · Fork,fork,Black to move.,981,Novice,"{""advantage"",""fork"",""opening"",""short""}","A fork — one piece attacks two enemy pieces at once, forcing a material win.",true,lichess,vO1MZ,6629,95,"{""Indian_Defense"",""Indian_Defense_London_System""}"
lc_NHU1X,8/6pk/3N1pp1/8/2r5/1p3P1P/6P1/R6K b - - 1 46,"{""b3b2"",""a1g1"",""c4c1""}",pawn,4,beginner,Pawn 4 · Advanced Pawn,advancedPawn,Black to move.,981,Novice,"{""advancedPawn"",""crushing"",""endgame"",""short""}",An advanced pawn — push the passer or use its threats to win material.,true,lichess,NHU1X,5858,97,{}
lc_VMLta,Q1b3k1/5ppp/8/1ppPNq2/4n3/P3P3/5PPP/2R1K2R b K - 0 21,"{""f5f2"",""e1d1"",""f2d2""}",pawn,4,beginner,Pawn 4 · Mate In2,mateIn2,Black to move.,981,Novice,"{""attackingF2F7"",""master"",""mate"",""mateIn2"",""middlegame"",""short""}",Checkmate in two — a forced sequence that delivers checkmate on move two.,true,lichess,VMLta,5660,97,{}
lc_5dvpM,8/3k3q/3r4/2Q5/8/8/8/4K3 w - - 2 67,"{""c5a7"",""d7c6"",""a7h7""}",pawn,5,beginner,Pawn 5 · Skewer,skewer,White to move.,982,Novice,"{""advantage"",""endgame"",""short"",""skewer""}","A skewer — the higher-value piece is forced to move, losing the piece behind it.",true,lichess,5dvpM,7162,97,{}
lc_Fe2S0,4R3/2qr2k1/p3p1p1/1p6/8/P2n1Q1P/5PP1/7K w - - 0 35,"{""f3f8"",""g7h7"",""f8h8""}",pawn,5,beginner,Pawn 5 · Mate In2,mateIn2,White to move.,982,Novice,"{""endgame"",""mate"",""mateIn2"",""short""}",Checkmate in two — a forced sequence that delivers checkmate on move two.,true,lichess,Fe2S0,5181,97,{}
lc_KyQbZ,5k2/2r2ppp/4p3/p3P3/B7/1K1R1P1r/8/8 w - - 6 36,"{""d3d8"",""f8e7"",""d8e8""}",pawn,5,beginner,Pawn 5 · Mate In2,mateIn2,White to move.,983,Novice,"{""endgame"",""mate"",""mateIn2"",""operaMate"",""short""}",Checkmate in two — a forced sequence that delivers checkmate on move two.,true,lichess,KyQbZ,5981,97,{}
lc_9iy1H,r3r1k1/pppn1p1p/4q1p1/1B2PnB1/5P2/8/P1P3PP/R1Q2RK1 b - - 4 19,"{""e6b6"",""f1f2"",""b6b5""}",pawn,5,beginner,Pawn 5 · Fork,fork,Black to move.,983,Novice,"{""advantage"",""fork"",""middlegame"",""short""}","A fork — one piece attacks two enemy pieces at once, forcing a material win.",true,lichess,9iy1H,5545,96,"{""Kings_Pawn_Game"",""Kings_Pawn_Game_Leonardis_Variation""}"
lc_F1Eru,6k1/rr3p1p/4p1p1/4Q3/2q5/7P/2p2PP1/R1R3K1 w - - 0 34,"{""a1a7"",""b7a7"",""e5b8"",""g8g7"",""b8a7""}",pawn,5,beginner,Pawn 5 · Fork,fork,White to move.,983,Novice,"{""advantage"",""attraction"",""endgame"",""fork"",""long""}","A fork — one piece attacks two enemy pieces at once, forcing a material win.",true,lichess,F1Eru,5175,97,{}
lc_3GkKQ,r2qkbnr/p4ppp/b3p3/2ppP3/8/5N2/PP1P1PPP/RNBQK2R w KQkq - 0 8,"{""d1a4"",""d8d7"",""a4a6""}",pawn,5,beginner,Pawn 5 · Fork,fork,White to move.,983,Novice,"{""advantage"",""fork"",""opening"",""short""}","A fork — one piece attacks two enemy pieces at once, forcing a material win.",true,lichess,3GkKQ,4818,97,"{""Sicilian_Defense"",""Sicilian_Defense_Nyezhmetdinov-Rossolimo_Attack""}"
lc_9Kjbj,5k2/5q2/4B2p/4Q3/p2P3P/2P5/r4PP1/6K1 b - - 5 36,"{""f7f2"",""g1h2"",""f2g2""}",pawn,5,beginner,Pawn 5 · Mate In2,mateIn2,Black to move.,985,Novice,"{""endgame"",""mate"",""mateIn2"",""short""}",Checkmate in two — a forced sequence that delivers checkmate on move two.,true,lichess,9Kjbj,5091,100,{}
lc_zKk05,rnbqkbnr/p1pp1p1p/p5p1/4p2Q/4P3/8/PPPP1PPP/RNB1K1NR w KQkq - 0 4,"{""h5e5"",""d8e7"",""e5h8""}",pawn,5,beginner,Pawn 5 · Fork,fork,White to move.,985,Novice,"{""advantage"",""fork"",""opening"",""short""}","A fork — one piece attacks two enemy pieces at once, forcing a material win.",true,lichess,zKk05,4932,94,"{""Kings_Pawn_Game"",""Kings_Pawn_Game_Other_variations""}"
lc_MEpLW,8/2kr1pR1/8/3p3P/3NbPp1/r7/3R1K2/8 w - - 3 37,"{""d4b5"",""c7c6"",""b5a3""}",pawn,5,beginner,Pawn 5 · Fork,fork,White to move.,986,Novice,"{""crushing"",""endgame"",""fork"",""master"",""masterVsMaster"",""short"",""superGM""}","A fork — one piece attacks two enemy pieces at once, forcing a material win.",true,lichess,MEpLW,6958,97,{}
lc_saBcG,rn2kb1r/pp2pppp/2p5/3q4/8/1P3Q2/P1PP1PPP/R1B1K1NR b KQkq - 0 8,"{""d5e5"",""g1e2"",""e5a1""}",pawn,5,beginner,Pawn 5 · Fork,fork,Black to move.,986,Novice,"{""crushing"",""fork"",""middlegame"",""short""}","A fork — one piece attacks two enemy pieces at once, forcing a material win.",true,lichess,saBcG,5238,97,"{""Scandinavian_Defense"",""Scandinavian_Defense_Modern_Variation""}"
lc_Fd03N,r4rk1/p4ppp/1p1p1q2/2P1nb2/2P2B2/P3P3/1Q2BPPP/R2R2K1 b - - 0 17,"{""e5f3"",""e2f3"",""f6b2""}",pawn,5,beginner,Pawn 5 · Discovered Attack,discoveredAttack,Black to move.,986,Novice,"{""advantage"",""discoveredAttack"",""middlegame"",""short""}",A discovered attack — moving one piece uncovers a deadly attack from another.,true,lichess,Fd03N,5000,96,"{""Indian_Defense"",""Indian_Defense_Budapest_Defense""}"
lc_bW54g,q3k2r/1bp2p1p/2n1pp2/1Nbp4/Q7/4PN2/3P1PPP/4KB1R w Kk - 1 15,"{""b5c7"",""e8e7"",""c7a8""}",pawn,5,beginner,Pawn 5 · Fork,fork,White to move.,987,Novice,"{""advantage"",""fork"",""middlegame"",""short""}","A fork — one piece attacks two enemy pieces at once, forcing a material win.",true,lichess,bW54g,15679,98,"{""Polish_Opening"",""Polish_Opening_Symmetrical_Variation""}"
lc_7zPMP,8/8/2B1Kpk1/p4pp1/8/5P2/8/8 b - - 1 51,"{""g5g4"",""f3g4"",""f5g4""}",pawn,5,beginner,Pawn 5 · Bishop Endgame,bishopEndgame,Black to move.,987,Novice,"{""bishopEndgame"",""crushing"",""endgame"",""master"",""masterVsMaster"",""short""}",A bishop endgame — colour complexes and the wrong-bishop rule matter.,true,lichess,7zPMP,11002,99,{}
lc_wANFz,8/1pR2ppp/3p4/5Pk1/3B4/3q2Pb/PP2rQ1P/6K1 w - - 3 29,"{""f2f4"",""g5h5"",""f4h4""}",pawn,5,beginner,Pawn 5 · Mate In2,mateIn2,White to move.,987,Novice,"{""endgame"",""mate"",""mateIn2"",""short""}",Checkmate in two — a forced sequence that delivers checkmate on move two.,true,lichess,wANFz,9088,96,{}
lc_iG8b3,r1b3k1/pp4pp/2pp4/3N4/3P4/3P4/PP4PP/5RK1 w - - 0 17,"{""d5e7"",""g8h8"",""f1f8""}",pawn,5,beginner,Pawn 5 · Mate In2,mateIn2,White to move.,987,Novice,"{""backRankMate"",""endgame"",""mate"",""mateIn2"",""short""}",Checkmate in two — a forced sequence that delivers checkmate on move two.,true,lichess,iG8b3,6296,98,"{""Center_Game"",""Center_Game_Other_variations""}"
lc_wONYe,1k1r4/4R1R1/p7/1p6/3p2B1/5b2/PPPK4/5r2 b - - 2 37,"{""f1d1""}",pawn,5,beginner,Pawn 5 · Mate In1,mateIn1,Black to move.,987,Novice,"{""endgame"",""mate"",""mateIn1"",""oneMove"",""operaMate""}",Checkmate in one — find the single move that ends the game immediately.,true,lichess,wONYe,5577,95,{}
lc_YasVn,5rk1/p4qp1/3Qp2p/8/N7/4P3/P5PP/2R3K1 b - - 0 25,"{""f7f2"",""g1h1"",""f2f1"",""c1f1"",""f8f1""}",pawn,5,beginner,Pawn 5 · Mate In3,mateIn3,Black to move.,987,Novice,"{""backRankMate"",""endgame"",""long"",""mate"",""mateIn3"",""sacrifice""}",Checkmate in three — calculate the forcing line all the way to mate.,true,lichess,YasVn,5558,97,{}
lc_wSfwj,r1bqkbr1/pppp3p/2n2Q2/8/4P3/8/PPP1BPPP/RN2K2R w KQq - 3 10,"{""e2h5"",""g8g6"",""h5g6"",""h7g6"",""f6g6""}",pawn,5,beginner,Pawn 5 · Crushing,crushing,White to move.,987,Novice,"{""crushing"",""long"",""opening""}",Find the strongest continuation and seize the advantage.,true,lichess,wSfwj,4839,97,"{""Scotch_Game"",""Scotch_Game_Other_variations""}"
lc_5jQt1,r2q1rk1/pp1b1p1p/5p2/6P1/2n2P2/6QP/P4B2/4R1K1 w - - 0 25,"{""g5f6"",""d7g4"",""g3g4"",""g8h8"",""g4g7""}",pawn,5,beginner,Pawn 5 · Mate In3,mateIn3,White to move.,988,Novice,"{""discoveredAttack"",""discoveredCheck"",""long"",""mate"",""mateIn3"",""middlegame""}",Checkmate in three — calculate the forcing line all the way to mate.,true,lichess,5jQt1,7632,97,{}
lc_2gKkO,r3r3/3b1pkp/3p2p1/p2qp3/3N4/2P4P/P2Q1PP1/2R1R1K1 w - - 0 23,"{""d4f5"",""d7f5"",""d2d5""}",pawn,6,beginner,Pawn 6 · Discovered Attack,discoveredAttack,White to move.,988,Novice,"{""crushing"",""discoveredAttack"",""middlegame"",""short""}",A discovered attack — moving one piece uncovers a deadly attack from another.,true,lichess,2gKkO,7570,95,{}
lc_3kOmu,r4rk1/7R/4p1p1/3p2N1/1p1P4/qPn5/P1Q2PP1/K6R b - - 2 26,"{""a3a2"",""c2a2"",""a8a2""}",pawn,6,beginner,Pawn 6 · Mate In2,mateIn2,Black to move.,988,Novice,"{""arabianMate"",""mate"",""mateIn2"",""middlegame"",""short""}",Checkmate in two — a forced sequence that delivers checkmate on move two.,true,lichess,3kOmu,6747,96,{}
lc_qOX1v,8/1q4rk/4R1R1/4N1p1/5p2/3p3P/1P3PP1/6K1 w - - 3 40,"{""g6h6"",""h7g8"",""e6e8""}",pawn,6,beginner,Pawn 6 · Mate In2,mateIn2,White to move.,989,Novice,"{""endgame"",""mate"",""mateIn2"",""short""}",Checkmate in two — a forced sequence that delivers checkmate on move two.,true,lichess,qOX1v,6448,97,{}
lc_N1Gw4,6r1/6pk/1Q6/2P1bPp1/3p4/KP1q4/P7/8 w - - 5 53,"{""b6g6"",""h7h8"",""g6h5""}",pawn,6,beginner,Pawn 6 · Mate In2,mateIn2,White to move.,989,Novice,"{""endgame"",""mate"",""mateIn2"",""short""}",Checkmate in two — a forced sequence that delivers checkmate on move two.,true,lichess,N1Gw4,5432,97,{}
lc_dGzIP,r2q2k1/pp5p/6p1/2pnp1N1/4b1P1/1P1P4/P1P4P/5QK1 w - - 0 24,"{""f1f7"",""g8h8"",""f7h7""}",pawn,6,beginner,Pawn 6 · Mate In2,mateIn2,White to move.,989,Novice,"{""endgame"",""kingsideAttack"",""mate"",""mateIn2"",""short""}",Checkmate in two — a forced sequence that delivers checkmate on move two.,true,lichess,dGzIP,4863,98,{}
lc_HL32t,6k1/1p4bp/pq4p1/3nr2n/8/3Q1P2/PP1B2PP/R4R1K b - - 6 27,"{""h5g3"",""h2g3"",""e5h5""}",pawn,6,beginner,Pawn 6 · Mate In2,mateIn2,Black to move.,990,Novice,"{""clearance"",""kingsideAttack"",""mate"",""mateIn2"",""middlegame"",""sacrifice"",""short""}",Checkmate in two — a forced sequence that delivers checkmate on move two.,true,lichess,HL32t,9413,97,{}
lc_7OJYj,6k1/1p4pp/3p4/1p2p1q1/2P1B3/3P2PP/5RK1/8 w - - 0 28,"{""e4d5"",""g8h8"",""f2f8""}",pawn,6,beginner,Pawn 6 · Mate In2,mateIn2,White to move.,990,Novice,"{""backRankMate"",""endgame"",""mate"",""mateIn2"",""short""}",Checkmate in two — a forced sequence that delivers checkmate on move two.,true,lichess,7OJYj,7887,95,{}
lc_VgBvU,7k/3pq2p/p3bp2/1p1n3P/6P1/5P2/PP5Q/2B2BK1 b - g3 0 36,"{""e7c5"",""h2f2"",""c5c1""}",pawn,6,beginner,Pawn 6 · Fork,fork,Black to move.,990,Novice,"{""crushing"",""endgame"",""fork"",""master"",""short""}","A fork — one piece attacks two enemy pieces at once, forcing a material win.",true,lichess,VgBvU,6911,96,{}
lc_8vZGW,2k4r/ppp2Qpp/1q3p2/4p3/1P6/P3PP1P/8/3RK3 w - - 1 23,"{""f7d7"",""c8b8"",""d7d8"",""h8d8"",""d1d8""}",pawn,6,beginner,Pawn 6 · Mate In3,mateIn3,White to move.,990,Novice,"{""backRankMate"",""endgame"",""long"",""mate"",""mateIn3"",""sacrifice""}",Checkmate in three — calculate the forcing line all the way to mate.,true,lichess,8vZGW,5385,97,{}
lc_n3MN8,4r1k1/1p4pp/4P1b1/p1p5/2n2P2/P1B2K2/1P2R3/R7 b - - 2 33,"{""g6h5"",""f3f2"",""h5e2""}",pawn,6,beginner,Pawn 6 · Skewer,skewer,Black to move.,991,Novice,"{""advantage"",""endgame"",""short"",""skewer""}","A skewer — the higher-value piece is forced to move, losing the piece behind it.",true,lichess,n3MN8,7106,98,{}
lc_tLwdH,6k1/1p1P2p1/6Qp/1p2P3/5r2/1P1R4/2q3PP/3R2K1 b - - 1 43,"{""c2f2"",""g1h1"",""f2f1"",""d1f1"",""f4f1""}",pawn,6,beginner,Pawn 6 · Mate In3,mateIn3,Black to move.,991,Novice,"{""backRankMate"",""endgame"",""long"",""mate"",""mateIn3"",""sacrifice""}",Checkmate in three — calculate the forcing line all the way to mate.,true,lichess,tLwdH,6824,96,{}
lc_k8asL,6rk/pp2nrp1/2p4p/3p1p1N/3P1P2/5P1Q/PPBBq1RP/7K b - - 11 28,"{""e2f1"",""g2g1"",""f1h3""}",pawn,6,beginner,Pawn 6 · Crushing,crushing,Black to move.,991,Novice,"{""crushing"",""kingsideAttack"",""middlegame"",""short""}",Find the strongest continuation and seize the advantage.,true,lichess,k8asL,5661,98,{}
lc_uqomr,2k2b1r/ppp2p1p/5p2/8/8/1PPR1P2/1P3q1P/2K2B1R w - - 0 17,"{""f1h3"",""f6f5"",""h3f5"",""c8b8"",""d3d8""}",pawn,6,beginner,Pawn 6 · Mate In3,mateIn3,White to move.,991,Novice,"{""backRankMate"",""endgame"",""long"",""mate"",""mateIn3""}",Checkmate in three — calculate the forcing line all the way to mate.,true,lichess,uqomr,5098,99,"{""Scandinavian_Defense"",""Scandinavian_Defense_Main_Line""}"
lc_rFJu2,7k/6pP/6Q1/8/P5P1/2PK4/1q6/8 b - - 2 59,"{""b2b1"",""d3c4"",""b1g6""}",pawn,6,beginner,Pawn 6 · Skewer,skewer,Black to move.,992,Novice,"{""crushing"",""endgame"",""queenEndgame"",""short"",""skewer""}","A skewer — the higher-value piece is forced to move, losing the piece behind it.",true,lichess,rFJu2,8593,97,{}
lc_Hgerx,r3r1k1/pp3ppp/3b2B1/2p5/7q/1N3Q2/PPPR1PPP/R5K1 b - - 0 20,"{""h4h2"",""g1f1"",""h2h1""}",pawn,6,beginner,Pawn 6 · Mate In2,mateIn2,Black to move.,992,Novice,"{""kingsideAttack"",""mate"",""mateIn2"",""middlegame"",""short""}",Checkmate in two — a forced sequence that delivers checkmate on move two.,true,lichess,Hgerx,6061,97,{}
lc_aEYNk,r1br1k2/1p4pQ/1qnbp1P1/3p4/1PpPp1P1/p1P1P3/P4PB1/R1B1R1K1 w - - 3 22,"{""h7h8"",""f8e7"",""h8g7"",""e7e8"",""g7f7""}",pawn,6,beginner,Pawn 6 · Mate In3,mateIn3,White to move.,992,Novice,"{""deflection"",""long"",""mate"",""mateIn3"",""middlegame""}",Checkmate in three — calculate the forcing line all the way to mate.,true,lichess,aEYNk,5194,97,{}
lc_Zzafy,4rk2/pp3p1n/2p2n2/4qN2/8/1P3P2/P5PP/R1Q4K w - - 2 28,"{""c1h6"",""f8g8"",""h6g7""}",pawn,6,beginner,Pawn 6 · Mate In2,mateIn2,White to move.,992,Novice,"{""mate"",""mateIn2"",""middlegame"",""short""}",Checkmate in two — a forced sequence that delivers checkmate on move two.,true,lichess,Zzafy,4829,97,{}
lc_xJIH7,3rrbk1/1p3ppp/1q1N4/1NnQ4/P1P2P2/3n3P/6P1/R4RK1 w - - 7 27,"{""d5f7"",""g8h8"",""d6e8""}",pawn,6,beginner,Pawn 6 · Crushing,crushing,White to move.,993,Novice,"{""crushing"",""kingsideAttack"",""middlegame"",""short""}",Find the strongest continuation and seize the advantage.,true,lichess,xJIH7,8233,97,{}
lc_n71ZA,4R3/pkpN1p1p/1p4r1/2b5/8/8/PPP1R1PP/5n1K b - - 11 28,"{""f1g3"",""h2g3"",""g6h6""}",pawn,6,beginner,Pawn 6 · Mate In2,mateIn2,Black to move.,993,Novice,"{""endgame"",""mate"",""mateIn2"",""pillsburysMate"",""sacrifice"",""short""}",Checkmate in two — a forced sequence that delivers checkmate on move two.,true,lichess,n71ZA,6305,95,{}
lc_Cmdkb,6k1/Q4pp1/p2b3p/1p6/4r1n1/3N1N2/PPq2PP1/5R1K w - - 3 31,"{""a7a8"",""d6f8"",""a8e4""}",pawn,6,beginner,Pawn 6 · Fork,fork,White to move.,993,Novice,"{""crushing"",""fork"",""middlegame"",""short""}","A fork — one piece attacks two enemy pieces at once, forcing a material win.",true,lichess,Cmdkb,4990,97,{}
lc_wMfOT,6rr/p4R2/kp6/n7/Q5pq/3P4/PP2B1PP/7K w - - 7 27,"{""d3d4"",""b6b5"",""a4b5""}",pawn,6,beginner,Pawn 6 · Mate In2,mateIn2,White to move.,993,Novice,"{""discoveredAttack"",""discoveredCheck"",""mate"",""mateIn2"",""middlegame"",""short""}",Checkmate in two — a forced sequence that delivers checkmate on move two.,true,lichess,wMfOT,4857,97,{}
lc_1aCqq,7k/p1p3pp/8/2b1n1r1/2B1q3/5N1P/Pr2N1P1/3R1K1R w - - 0 28,"{""d1d8"",""c5f8"",""d8f8""}",pawn,7,beginner,Pawn 7 · Mate In2,mateIn2,White to move.,994,Novice,"{""backRankMate"",""mate"",""mateIn2"",""middlegame"",""short""}",Checkmate in two — a forced sequence that delivers checkmate on move two.,true,lichess,1aCqq,8018,96,{}
lc_DKd3m,2q3k1/5p1p/p2Rbbp1/1p2p3/4B3/1P3PP1/P1P1Q2P/6K1 b - - 6 31,"{""c8c5"",""g1g2"",""c5d6""}",pawn,7,beginner,Pawn 7 · Fork,fork,Black to move.,994,Novice,"{""crushing"",""endgame"",""fork"",""short""}","A fork — one piece attacks two enemy pieces at once, forcing a material win.",true,lichess,DKd3m,5364,97,{}
lc_COfZF,r4rk1/1pp2ppp/pbn5/8/PPBpN1R1/2P2P1n/2Q2P1q/R1B2K2 w - - 0 18,"{""e4f6"",""g8h8"",""c2h7""}",pawn,7,beginner,Pawn 7 · Mate In2,mateIn2,White to move.,995,Novice,"{""discoveredAttack"",""kingsideAttack"",""mate"",""mateIn2"",""middlegame"",""pin"",""short""}",Checkmate in two — a forced sequence that delivers checkmate on move two.,true,lichess,COfZF,6906,97,"{""Kings_Pawn_Game"",""Kings_Pawn_Game_Macleod_Attack""}"
lc_XVZRG,2r2rk1/bb2ppnp/pB1p2p1/1p1P3P/4PPP1/2Nn1N2/PP2Q1K1/2RR4 b - - 0 24,"{""d3f4"",""g2h2"",""f4e2""}",pawn,7,beginner,Pawn 7 · Fork,fork,Black to move.,995,Novice,"{""advantage"",""fork"",""middlegame"",""short""}","A fork — one piece attacks two enemy pieces at once, forcing a material win.",true,lichess,XVZRG,5955,96,{}
lc_L4bdu,3Q4/8/8/8/p1P5/N5p1/5k1p/7K b - - 0 48,"{""g3g2"",""h1h2"",""g2g1q"",""h2h3"",""g1g3""}",pawn,7,beginner,Pawn 7 · Mate In3,mateIn3,Black to move.,995,Novice,"{""advancedPawn"",""endgame"",""exposedKing"",""long"",""mate"",""mateIn3"",""promotion""}",Checkmate in three — calculate the forcing line all the way to mate.,true,lichess,L4bdu,5012,96,{}
lc_m4rDz,r2qn1k1/1b4pp/p7/1p1pQ3/8/6P1/PPP3PP/5RK1 w - - 1 23,"{""e5e6"",""g8h8"",""f1f8""}",pawn,7,beginner,Pawn 7 · Mate In2,mateIn2,White to move.,996,Novice,"{""backRankMate"",""endgame"",""mate"",""mateIn2"",""short""}",Checkmate in two — a forced sequence that delivers checkmate on move two.,true,lichess,m4rDz,7935,97,{}
lc_msnIT,8/ppRn1ppk/7p/3Pp3/4P3/Pq3P2/1P1Q2PP/6K1 b - - 1 31,"{""b3b6"",""g1h1"",""b6c7""}",pawn,7,beginner,Pawn 7 · Fork,fork,Black to move.,997,Novice,"{""advantage"",""endgame"",""fork"",""short""}","A fork — one piece attacks two enemy pieces at once, forcing a material win.",true,lichess,msnIT,5160,97,{}
lc_K4c7C,5rk1/p1N1pp1p/1p1p2p1/8/2P5/1P2QPPb/P1qP3P/R1B3KB b - - 0 21,"{""c2d1"",""g1f2"",""d1f1""}",pawn,7,beginner,Pawn 7 · Mate In2,mateIn2,Black to move.,997,Novice,"{""kingsideAttack"",""mate"",""mateIn2"",""middlegame"",""short""}",Checkmate in two — a forced sequence that delivers checkmate on move two.,true,lichess,K4c7C,5134,96,{}
lc_9hCjr,2r3k1/1p3pp1/p6p/3p4/3P4/1PqQ4/P4PPP/4R1K1 w - - 1 27,"{""e1e8"",""c8e8"",""d3c3""}",pawn,7,beginner,Pawn 7 · Deflection,deflection,White to move.,997,Novice,"{""advantage"",""deflection"",""endgame"",""short""}",A deflection — lure a defending piece away from the square it was guarding.,true,lichess,9hCjr,4962,96,{}
lc_PXohK,2b2rk1/4p3/p2p4/2pPbpNR/7Q/4P1P1/Pr1q1PP1/2R2K2 w - - 2 22,"{""h5h8"",""e5h8"",""h4h7""}",pawn,7,beginner,Pawn 7 · Mate In2,mateIn2,White to move.,997,Novice,"{""clearance"",""kingsideAttack"",""mate"",""mateIn2"",""middlegame"",""sacrifice"",""short""}",Checkmate in two — a forced sequence that delivers checkmate on move two.,true,lichess,PXohK,4814,97,{}
lc_PD1D1,r2q1r1k/p5p1/1p3b2/1N1Q4/8/P4p2/1P3KPP/R2R4 w - - 0 21,"{""d5h5"",""h8g8"",""d1d8""}",pawn,7,beginner,Pawn 7 · Discovered Attack,discoveredAttack,White to move.,998,Novice,"{""crushing"",""discoveredAttack"",""middlegame"",""short""}",A discovered attack — moving one piece uncovers a deadly attack from another.,true,lichess,PD1D1,6727,96,{}
lc_3QRKh,8/p2R2bk/1pp1r1pp/8/5n2/BB4N1/PP3PPP/6K1 b - - 0 32,"{""e6e1"",""g3f1"",""f4e2"",""g1h1"",""e1f1""}",pawn,7,beginner,Pawn 7 · Mate In3,mateIn3,Black to move.,998,Novice,"{""backRankMate"",""deflection"",""long"",""mate"",""mateIn3"",""middlegame""}",Checkmate in three — calculate the forcing line all the way to mate.,true,lichess,3QRKh,5406,95,{}
lc_cs9cl,r2q1rk1/p1p1Bppp/8/1Qn1p3/2B1n3/2N5/PPP2PPP/R3K2R b KQ - 0 12,"{""d8d2"",""e1f1"",""d2f2""}",pawn,7,beginner,Pawn 7 · Mate In2,mateIn2,Black to move.,998,Novice,"{""mate"",""mateIn2"",""middlegame"",""short""}",Checkmate in two — a forced sequence that delivers checkmate on move two.,true,lichess,cs9cl,5250,96,"{""Philidor_Defense"",""Philidor_Defense_Other_variations""}"
lc_jkiFf,6k1/p3qpp1/3b1n1p/2p2NN1/2Q5/1P5P/P4PP1/6K1 b - - 1 25,"{""e7e1"",""c4f1"",""d6h2"",""g1h2"",""e1f1""}",pawn,7,beginner,Pawn 7 · Deflection,deflection,Black to move.,998,Novice,"{""crushing"",""deflection"",""endgame"",""long""}",A deflection — lure a defending piece away from the square it was guarding.,true,lichess,jkiFf,5192,95,{}
lc_bkoqR,rnbqk1nr/1p3pbp/p5p1/2Np4/8/4PN2/PPP1BPPP/R1BQK2R b KQkq - 1 9,"{""d8a5"",""f3d2"",""a5c5""}",pawn,7,beginner,Pawn 7 · Fork,fork,Black to move.,998,Novice,"{""advantage"",""fork"",""opening"",""short""}","A fork — one piece attacks two enemy pieces at once, forcing a material win.",true,lichess,bkoqR,4850,97,"{""Benoni_Defense"",""Benoni_Defense_Old_Benoni""}"
lc_WLrWG,5r1k/5q1p/p3P1p1/1pPP4/2p1Q3/2P1P3/P5PP/3R2K1 b - - 0 31,"{""f7f2"",""g1h1"",""f2f1"",""d1f1"",""f8f1""}",pawn,7,beginner,Pawn 7 · Mate In3,mateIn3,Black to move.,1001,Casual,"{""backRankMate"",""endgame"",""long"",""mate"",""mateIn3"",""sacrifice""}",Checkmate in three — calculate the forcing line all the way to mate.,true,lichess,WLrWG,6949,98,{}
lc_SRhcC,5r2/6b1/2q4k/p4Qp1/1p1p2Pp/1P1P1P2/P3PK2/7R w - - 9 52,"{""h1h4"",""g5h4"",""f5h5""}",pawn,7,beginner,Pawn 7 · Mate In2,mateIn2,White to move.,1001,Casual,"{""endgame"",""mate"",""mateIn2"",""sacrifice"",""short""}",Checkmate in two — a forced sequence that delivers checkmate on move two.,true,lichess,SRhcC,5708,97,{}
lc_eVwks,7k/1p3R1p/p3p3/3pP1r1/3P4/P5P1/1P3Q1K/1q6 b - - 2 43,"{""g5h5"",""h2g2"",""b1h1""}",pawn,7,beginner,Pawn 7 · Mate In2,mateIn2,Black to move.,1001,Casual,"{""endgame"",""mate"",""mateIn2"",""short""}",Checkmate in two — a forced sequence that delivers checkmate on move two.,true,lichess,eVwks,5204,96,{}
lc_rRpT1,2K4B/7p/3P2p1/pk6/7R/1p6/8/5r2 b - - 1 49,"{""f1f8"",""c8c7"",""f8h8""}",pawn,7,beginner,Pawn 7 · Fork,fork,Black to move.,1003,Casual,"{""crushing"",""endgame"",""fork"",""master"",""short""}","A fork — one piece attacks two enemy pieces at once, forcing a material win.",true,lichess,rRpT1,11709,100,{}
lc_sKQrB,8/8/7Q/4p2P/4p3/4PkNK/3q4/8 b - - 2 57,"{""d2g2"",""h3h4"",""g2g3""}",pawn,7,beginner,Pawn 7 · Mate In2,mateIn2,Black to move.,1003,Casual,"{""endgame"",""mate"",""mateIn2"",""short""}",Checkmate in two — a forced sequence that delivers checkmate on move two.,true,lichess,sKQrB,9587,98,{}
lc_vxE6z,rnbqk1nr/ppppb1p1/7p/4p3/2B1Pp1P/8/PPPP2P1/RNBQK2R w KQkq - 0 7,"{""d1h5"",""g7g6"",""h5g6"",""e8f8"",""g6f7""}",pawn,7,beginner,Pawn 7 · Mate In3,mateIn3,White to move.,1003,Casual,"{""long"",""mate"",""mateIn3"",""opening""}",Checkmate in three — calculate the forcing line all the way to mate.,true,lichess,vxE6z,7953,97,"{""Kings_Gambit_Accepted"",""Kings_Gambit_Accepted_Bishops_Gambit""}"
lc_qYguA,r1b3k1/1p4pp/pB1p2p1/3Np3/4P3/6Pq/PPP4P/5RK1 w - - 0 20,"{""d5e7"",""g8h8"",""f1f8""}",pawn,7,beginner,Pawn 7 · Mate In2,mateIn2,White to move.,1003,Casual,"{""backRankMate"",""endgame"",""mate"",""mateIn2"",""short""}",Checkmate in two — a forced sequence that delivers checkmate on move two.,true,lichess,qYguA,6309,98,{}
lc_SjAQy,6rk/p1p2Qp1/5p2/2N1pP2/3r4/1P1P4/P4q1P/6RK w - - 0 36,"{""f7h5""}",pawn,7,beginner,Pawn 7 · Mate In1,mateIn1,White to move.,1003,Casual,"{""endgame"",""mate"",""mateIn1"",""oneMove""}",Checkmate in one — find the single move that ends the game immediately.,true,lichess,SjAQy,5576,97,{}
lc_bjpyq,3r2k1/6q1/pp2n2p/3BPp2/7p/7P/PP4P1/3R2K1 w - - 0 42,"{""d5e6"",""g8f8"",""d1d8"",""f8e7"",""d8d7"",""e7e6"",""d7g7""}",pawn,8,beginner,Pawn 8 · Skewer,skewer,White to move.,1003,Casual,"{""crushing"",""discoveredAttack"",""endgame"",""exposedKing"",""hangingPiece"",""skewer"",""veryLong""}","A skewer — the higher-value piece is forced to move, losing the piece behind it.",true,lichess,bjpyq,5513,97,{}
lc_evCWa,2r5/pp6/4pBrp/4P3/P2p2k1/1P3pP1/2P2P1K/2n1R3 w - - 0 38,"{""e1e4"",""g4h5"",""e4h4""}",pawn,8,beginner,Pawn 8 · Mate In2,mateIn2,White to move.,1004,Casual,"{""endgame"",""mate"",""mateIn2"",""operaMate"",""short""}",Checkmate in two — a forced sequence that delivers checkmate on move two.,true,lichess,evCWa,8813,97,{}
lc_40qEM,r5r1/3nNpk1/2q2p1p/7P/p2PN1P1/Qp1RPP2/1P6/1K5R b - - 3 28,"{""c6c2"",""b1a1"",""c2d3""}",pawn,8,beginner,Pawn 8 · Fork,fork,Black to move.,1004,Casual,"{""advantage"",""fork"",""middlegame"",""short""}","A fork — one piece attacks two enemy pieces at once, forcing a material win.",true,lichess,40qEM,5437,97,{}
lc_JX4lZ,r4k1r/pp4pp/2nn1q2/2pQN3/8/8/PPP2PPP/R3R1K1 w - - 6 17,"{""e5d7""}",pawn,8,beginner,Pawn 8 · Mate In1,mateIn1,White to move.,1005,Casual,"{""cornerMate"",""mate"",""mateIn1"",""middlegame"",""oneMove""}",Checkmate in one — find the single move that ends the game immediately.,true,lichess,JX4lZ,6154,97,"{""Sicilian_Defense"",""Sicilian_Defense_Other_variations""}"
lc_JX7nl,r1b1r1k1/5ppp/p7/1p2q3/4p3/1Q2P2P/PP2B1P1/R4RK1 w - - 0 19,"{""b3f7"",""g8h8"",""f7f8"",""e8f8"",""f1f8""}",pawn,8,beginner,Pawn 8 · Mate In3,mateIn3,White to move.,1005,Casual,"{""backRankMate"",""long"",""mate"",""mateIn3"",""middlegame"",""sacrifice""}",Checkmate in three — calculate the forcing line all the way to mate.,true,lichess,JX7nl,6136,98,"{""Elephant_Gambit"",""Elephant_Gambit_Other_variations""}"
lc_H30AI,6r1/p6k/2pp3p/2p1p3/2P2p2/P1BP1Rrq/1P2Q1P1/5RK1 b - - 0 29,"{""g3g2"",""e2g2"",""g8g2""}",pawn,8,beginner,Pawn 8 · Mate In2,mateIn2,Black to move.,1005,Casual,"{""fork"",""mate"",""mateIn2"",""middlegame"",""short""}",Checkmate in two — a forced sequence that delivers checkmate on move two.,true,lichess,H30AI,4995,98,{}
lc_U4tWC,4k2r/pb3ppp/4p3/6n1/2pP1P2/2P3P1/P6P/1RB2RK1 b k - 0 21,"{""g5h3""}",pawn,8,beginner,Pawn 8 · Mate In1,mateIn1,Black to move.,1005,Casual,"{""endgame"",""mate"",""mateIn1"",""oneMove""}",Checkmate in one — find the single move that ends the game immediately.,true,lichess,U4tWC,4868,97,{}
lc_WX3Q1,r3kb1r/2q2pp1/p1np3p/4p2b/1pP1Q3/1N3PBN/PP4PP/1K1R1B1R b kq - 0 18,"{""h5g6"",""e4g6"",""f7g6""}",pawn,8,beginner,Pawn 8 · Pin,pin,Black to move.,1006,Casual,"{""advantage"",""middlegame"",""pin"",""short""}",A pin — the attacked piece can't move without exposing a more valuable piece behind it.,true,lichess,WX3Q1,12135,96,"{""Sicilian_Defense"",""Sicilian_Defense_Smith-Morra_Gambit""}"
lc_2QuZR,1r2rk2/pp3pp1/5b2/3R1B2/8/8/PPP3P1/1K5R w - - 3 24,"{""h1h8"",""f8e7"",""d5d7""}",pawn,8,beginner,Pawn 8 · Mate In2,mateIn2,White to move.,1006,Casual,"{""endgame"",""mate"",""mateIn2"",""operaMate"",""short""}",Checkmate in two — a forced sequence that delivers checkmate on move two.,true,lichess,2QuZR,7203,97,{}
lc_kGcTh,1r3rk1/1p1N1pp1/1pp1p2p/3qP3/5PQ1/7P/6PK/5R2 w - - 2 25,"{""d7f6"",""g8h8"",""f6d5""}",pawn,8,beginner,Pawn 8 · Pin,pin,White to move.,1006,Casual,"{""advantage"",""endgame"",""pin"",""short""}",A pin — the attacked piece can't move without exposing a more valuable piece behind it.,true,lichess,kGcTh,5425,97,{}
lc_25dxg,4Qbk1/pp3ppp/8/8/5q2/1P5P/Pr4r1/3RR2K w - - 0 30,"{""e8f8"",""g8f8"",""d1d8""}",pawn,8,beginner,Pawn 8 · Mate In2,mateIn2,White to move.,1006,Casual,"{""attraction"",""mate"",""mateIn2"",""middlegame"",""sacrifice"",""short""}",Checkmate in two — a forced sequence that delivers checkmate on move two.,true,lichess,25dxg,4955,97,{}
lc_RMcQz,r6r/4bpkp/3p1p2/pqNQp3/1p2P3/5P2/PPP3PP/1K1R3R w - - 4 21,"{""c5e6"",""f7e6"",""d5b5""}",pawn,8,beginner,Pawn 8 · Discovered Attack,discoveredAttack,White to move.,1007,Casual,"{""crushing"",""discoveredAttack"",""middlegame"",""short""}",A discovered attack — moving one piece uncovers a deadly attack from another.,true,lichess,RMcQz,6432,96,{}
lc_Zz9Dc,4r2k/8/p1Q4p/3p4/4bP2/P1P1K1P1/1P5P/8 b - - 0 38,"{""d5d4"",""e3d4"",""e4c6""}",pawn,8,beginner,Pawn 8 · Discovered Attack,discoveredAttack,Black to move.,1007,Casual,"{""crushing"",""discoveredAttack"",""endgame"",""short""}",A discovered attack — moving one piece uncovers a deadly attack from another.,true,lichess,Zz9Dc,5863,97,{}
lc_HwGNY,3b1r2/3Q2pk/3pBpRp/2r1pP2/8/1P6/5RPP/6K1 b - - 0 34,"{""c5c1"",""f2f1"",""d8b6"",""g1h1"",""c1f1""}",pawn,8,beginner,Pawn 8 · Mate In3,mateIn3,Black to move.,1007,Casual,"{""backRankMate"",""deflection"",""long"",""mate"",""mateIn3"",""middlegame""}",Checkmate in three — calculate the forcing line all the way to mate.,true,lichess,HwGNY,5556,97,{}
lc_7cPMT,2r3k1/6pp/4p3/4q3/8/6P1/5Q1P/5RK1 w - - 0 33,"{""f2f7"",""g8h8"",""f7f8"",""c8f8"",""f1f8""}",pawn,8,beginner,Pawn 8 · Mate In3,mateIn3,White to move.,1008,Casual,"{""backRankMate"",""endgame"",""long"",""mate"",""mateIn3"",""sacrifice""}",Checkmate in three — calculate the forcing line all the way to mate.,true,lichess,7cPMT,5845,97,{}
lc_h1QoW,r2q1rk1/pp1nbpp1/4pnp1/1B6/3QP3/2N2P2/PP4PP/R1B2RK1 b - - 2 14,"{""e7c5"",""d4c5"",""d7c5""}",pawn,8,beginner,Pawn 8 · Pin,pin,Black to move.,1008,Casual,"{""crushing"",""opening"",""pin"",""short""}",A pin — the attacked piece can't move without exposing a more valuable piece behind it.,true,lichess,h1QoW,5511,97,"{""Queens_Pawn_Game"",""Queens_Pawn_Game_Stonewall_Attack""}"
lc_9g8SC,4r1k1/p5p1/7p/4RQ2/3P1B1P/P7/1r2qPP1/2R3K1 b - - 1 28,"{""e2f2"",""g1h2"",""f2g2""}",pawn,8,beginner,Pawn 8 · Mate In2,mateIn2,Black to move.,1008,Casual,"{""mate"",""mateIn2"",""middlegame"",""short""}",Checkmate in two — a forced sequence that delivers checkmate on move two.,true,lichess,9g8SC,5448,98,{}
lc_tTf3v,r3kb1r/1p2qp2/p1np1Ppp/8/2B5/2P2Q2/PP3PPP/RNB1R1K1 b kq - 0 12,"{""e7e1"",""c4f1"",""e1c1""}",pawn,8,beginner,Pawn 8 · Fork,fork,Black to move.,1008,Casual,"{""advantage"",""fork"",""hangingPiece"",""opening"",""short""}","A fork — one piece attacks two enemy pieces at once, forcing a material win.",true,lichess,tTf3v,5083,97,"{""Philidor_Defense"",""Philidor_Defense_Other_variations""}"
lc_lhoEc,r1br2k1/1pp1b2p/p4n1n/3P1p2/1PB1p3/P3P1NP/1B1P1PP1/R3K2R w KQ - 4 19,"{""d5d6"",""g8f8"",""d6e7""}",pawn,8,beginner,Pawn 8 · Discovered Attack,discoveredAttack,White to move.,1009,Casual,"{""advancedPawn"",""advantage"",""discoveredAttack"",""discoveredCheck"",""kingsideAttack"",""middlegame"",""short""}",A discovered attack — moving one piece uncovers a deadly attack from another.,true,lichess,lhoEc,5636,98,"{""Vant_Kruijs_Opening"",""Vant_Kruijs_Opening_Other_variations""}"
lc_Rv40v,rn2k2r/pp3ppp/2Nb4/8/1P6/P4Q1P/BNPP1qP1/R1B4K b kq - 0 18,"{""f2e1"",""f3f1"",""e1f1""}",pawn,8,beginner,Pawn 8 · Mate In2,mateIn2,Black to move.,1009,Casual,"{""kingsideAttack"",""mate"",""mateIn2"",""middlegame"",""short""}",Checkmate in two — a forced sequence that delivers checkmate on move two.,true,lichess,Rv40v,5221,97,"{""Bishops_Opening"",""Bishops_Opening_Boi_Variation""}"
lc_eNAeM,r2qkb1r/pp3ppp/2np4/1B1pP3/3P4/5Q1P/PP3PP1/R1B1K2R b KQkq - 0 11,"{""d8a5"",""c1d2"",""a5b5""}",pawn,8,beginner,Pawn 8 · Fork,fork,Black to move.,1009,Casual,"{""crushing"",""fork"",""middlegame"",""short""}","A fork — one piece attacks two enemy pieces at once, forcing a material win.",true,lichess,eNAeM,5101,97,"{""Sicilian_Defense"",""Sicilian_Defense_Alapin_Variation""}"
lc_leLr3,4Q3/p4p1k/6pp/6q1/4B3/7P/P7/K1R5 b - - 1 47,"{""g5c1"",""e4b1"",""c1c3""}",pawn,8,beginner,Pawn 8 · Mate In2,mateIn2,Black to move.,1009,Casual,"{""endgame"",""hangingPiece"",""mate"",""mateIn2"",""short""}",Checkmate in two — a forced sequence that delivers checkmate on move two.,true,lichess,leLr3,5087,97,{}
lc_GgfaM,r2r2k1/bpp3pp/p5n1/2Pq4/3Bpp2/P6P/4BPP1/2RQ1R1K w - - 2 24,"{""e2c4"",""d5c4"",""c1c4""}",pawn,8,beginner,Pawn 8 · Pin,pin,White to move.,1009,Casual,"{""crushing"",""middlegame"",""pin"",""short""}",A pin — the attacked piece can't move without exposing a more valuable piece behind it.,true,lichess,GgfaM,4994,98,{}
lc_8q5aI,r3B2k/1p2P1p1/2pQ3p/p7/4Pp1n/P5qP/1P4P1/R3R1K1 b - - 0 32,"{""g3g2""}",pawn,8,beginner,Pawn 8 · Mate In1,mateIn1,Black to move.,1010,Casual,"{""kingsideAttack"",""mate"",""mateIn1"",""middlegame"",""oneMove""}",Checkmate in one — find the single move that ends the game immediately.,true,lichess,8q5aI,15309,98,{}
lc_VScIz,1rbq1b1r/2Nk1p1p/2np4/3Np3/4p3/2P5/PP3PPP/R2QK2R w KQ - 3 15,"{""d1g4"",""f7f5"",""g4f5""}",pawn,8,beginner,Pawn 8 · Mate In2,mateIn2,White to move.,1010,Casual,"{""mate"",""mateIn2"",""opening"",""short""}",Checkmate in two — a forced sequence that delivers checkmate on move two.,true,lichess,VScIz,7278,97,"{""Sicilian_Defense"",""Sicilian_Defense_Lasker-Pelikan_Variation""}"
lc_96ziF,2kr4/1p1r2p1/p1p5/4Pq2/1P1PpPp1/P5P1/3R1R1P/3Q2K1 b - - 0 29,"{""e4e3"",""f2e2"",""e3d2""}",pawn,9,beginner,Pawn 9 · Fork,fork,Black to move.,1010,Casual,"{""advancedPawn"",""crushing"",""endgame"",""fork"",""short""}","A fork — one piece attacks two enemy pieces at once, forcing a material win.",true,lichess,96ziF,5861,98,{}
lc_ZD59w,r5k1/p2Q2np/2p3p1/3p4/8/2Pq4/P5PP/5R1K w - - 0 25,"{""d7f7"",""g8h8"",""f7f8"",""a8f8"",""f1f8""}",pawn,9,beginner,Pawn 9 · Mate In3,mateIn3,White to move.,1010,Casual,"{""backRankMate"",""endgame"",""long"",""mate"",""mateIn3"",""sacrifice""}",Checkmate in three — calculate the forcing line all the way to mate.,true,lichess,ZD59w,5259,97,{}
lc_PPHW6,r3r1k1/5p1p/1p2b1p1/p5q1/4Q1P1/P1PNP2P/1P2BP2/R4R1K b - - 0 22,"{""e6d5"",""e4g2"",""d5g2""}",pawn,9,beginner,Pawn 9 · Pin,pin,Black to move.,1010,Casual,"{""advantage"",""kingsideAttack"",""middlegame"",""pin"",""short""}",A pin — the attacked piece can't move without exposing a more valuable piece behind it.,true,lichess,PPHW6,5041,96,{}
lc_SiF9B,1r4k1/p1r2ppp/8/N7/4n3/5P2/PP4PP/1K1R1R2 b - - 0 26,"{""e4c3"",""b1a1"",""c3d1""}",pawn,9,beginner,Pawn 9 · Pin,pin,Black to move.,1010,Casual,"{""crushing"",""endgame"",""pin"",""short""}",A pin — the attacked piece can't move without exposing a more valuable piece behind it.,true,lichess,SiF9B,5024,96,{}
lc_2Nk0f,r6k/3R2p1/6Qp/B4P2/4P3/KP6/2q3PP/3R4 b - - 6 33,"{""a8a5"",""a3b4"",""c2c5""}",pawn,9,beginner,Pawn 9 · Mate In2,mateIn2,Black to move.,1011,Casual,"{""endgame"",""hangingPiece"",""mate"",""mateIn2"",""short"",""triangleMate""}",Checkmate in two — a forced sequence that delivers checkmate on move two.,true,lichess,2Nk0f,5110,96,{}
lc_LSGVj,6k1/5pp1/1P2p2p/4P3/8/2rp1P1P/5P2/1R4K1 b - - 0 33,"{""d3d2"",""b1d1"",""c3c1"",""g1f1"",""c1d1""}",pawn,9,beginner,Pawn 9 · Pin,pin,Black to move.,1012,Casual,"{""advancedPawn"",""crushing"",""endgame"",""long"",""pin"",""rookEndgame""}",A pin — the attacked piece can't move without exposing a more valuable piece behind it.,true,lichess,LSGVj,5626,97,{}
lc_FeVXB,rr5k/7b/3p1q2/2nPp1RQ/p1p1P2N/1pP5/1P3P2/1B3K2 w - - 1 45,"{""h4g6"",""f6g6"",""g5g6""}",pawn,9,beginner,Pawn 9 · Pin,pin,White to move.,1012,Casual,"{""advantage"",""kingsideAttack"",""master"",""middlegame"",""pin"",""short""}",A pin — the attacked piece can't move without exposing a more valuable piece behind it.,true,lichess,FeVXB,5210,96,{}
lc_QamRC,r1b2rk1/p5P1/1q2p3/6np/2p5/1P1P2Q1/PBP1p1PP/RN2R2K b - - 0 19,"{""f8f1"",""e1f1"",""e2f1q""}",pawn,9,beginner,Pawn 9 · Mate In2,mateIn2,Black to move.,1013,Casual,"{""advancedPawn"",""kingsideAttack"",""mate"",""mateIn2"",""middlegame"",""promotion"",""short""}",Checkmate in two — a forced sequence that delivers checkmate on move two.,true,lichess,QamRC,9045,96,"{""Bird_Opening"",""Bird_Opening_Other_variations""}"
lc_s2hTS,r5k1/pp3p1p/5qp1/3B4/2P5/3PbQPP/PP4K1/R7 b - - 3 23,"{""f6b2"",""g2f1"",""b2a1""}",pawn,9,beginner,Pawn 9 · Fork,fork,Black to move.,1013,Casual,"{""crushing"",""endgame"",""fork"",""short""}","A fork — one piece attacks two enemy pieces at once, forcing a material win.",true,lichess,s2hTS,8190,97,{}
lc_250Fq,r3r1k1/p1q2ppp/8/3p4/3P4/8/P3QPPP/2R2RK1 w - - 2 19,"{""e2e8"",""a8e8"",""c1c7""}",pawn,9,beginner,Pawn 9 · Endgame,endgame,White to move.,1013,Casual,"{""crushing"",""endgame"",""short""}",An endgame technique — precise play with few pieces where every tempo counts.,true,lichess,250Fq,5945,97,"{""Sicilian_Defense"",""Sicilian_Defense_Delayed_Alapin_Variation""}"
lc_SASmb,2k1r1nr/bpp3p1/p1n2q1p/2Np4/1P1P4/P2B4/1B3PPP/R2Q1K1R w - - 4 18,"{""d1g4"",""c8b8"",""c5d7""}",pawn,9,beginner,Pawn 9 · Crushing,crushing,White to move.,1013,Casual,"{""crushing"",""middlegame"",""short""}",Find the strongest continuation and seize the advantage.,true,lichess,SASmb,5853,96,"{""English_Opening"",""English_Opening_Other_variations""}"
lc_Yc4bs,r2qk2r/1p3ppp/p3p2n/4P3/P2P1PPb/4BK1P/RPQ5/5B1R b kq - 0 17,"{""d8d5"",""c2e4"",""d5a2""}",pawn,9,beginner,Pawn 9 · Fork,fork,Black to move.,1014,Casual,"{""advantage"",""fork"",""middlegame"",""short""}","A fork — one piece attacks two enemy pieces at once, forcing a material win.",true,lichess,Yc4bs,7166,98,"{""Caro-Kann_Defense"",""Caro-Kann_Defense_Advance_Variation""}"
lc_MqBFG,3q1r2/3b1B1k/3p1Q1p/2p1p3/2P1P3/3P1K2/5PPP/8 w - - 1 33,"{""f6g6"",""h7h8"",""g6h6""}",pawn,9,beginner,Pawn 9 · Mate In2,mateIn2,White to move.,1014,Casual,"{""deflection"",""endgame"",""mate"",""mateIn2"",""short""}",Checkmate in two — a forced sequence that delivers checkmate on move two.,true,lichess,MqBFG,6837,96,{}
lc_q3dBl,2kr1b1r/1pp2pp1/4p2p/pN6/Pn6/4B2P/1P3P1P/3R1RK1 w - - 0 18,"{""b5a7"",""c8b8"",""d1d8""}",pawn,9,beginner,Pawn 9 · Mate In2,mateIn2,White to move.,1014,Casual,"{""deflection"",""mate"",""mateIn2"",""middlegame"",""queensideAttack"",""short""}",Checkmate in two — a forced sequence that delivers checkmate on move two.,true,lichess,q3dBl,4915,97,"{""Alekhine_Defense"",""Alekhine_Defense_Other_variations""}"
lc_KQs8Y,6k1/6q1/3pP3/p3p2Q/1p2P3/3b1P2/PP6/2K4R b - - 2 35,"{""g7c7"",""c1d2"",""c7c2"",""d2e3"",""c2e2""}",pawn,9,beginner,Pawn 9 · Mate In3,mateIn3,Black to move.,1015,Casual,"{""endgame"",""epauletteMate"",""long"",""mate"",""mateIn3""}",Checkmate in three — calculate the forcing line all the way to mate.,true,lichess,KQs8Y,15532,98,{}
lc_7Sdqi,k3r3/1p6/p5p1/5p2/8/7P/4qQP1/2R4K w - - 7 56,"{""c1c8"",""e8c8"",""f2e2""}",pawn,9,beginner,Pawn 9 · Deflection,deflection,White to move.,1015,Casual,"{""advantage"",""deflection"",""endgame"",""short""}",A deflection — lure a defending piece away from the square it was guarding.,true,lichess,7Sdqi,4965,95,{}
lc_Cfozl,5rk1/p3q1bp/np4p1/3pp1P1/1P2r3/4BN2/2PQ1P2/1R2K1R1 w - - 0 21,"{""d2d5"",""e7f7"",""d5e4""}",pawn,9,beginner,Pawn 9 · Fork,fork,White to move.,1015,Casual,"{""advantage"",""fork"",""middlegame"",""short""}","A fork — one piece attacks two enemy pieces at once, forcing a material win.",true,lichess,Cfozl,4902,97,{}
lc_Mv0jZ,2r2rk1/1pq5/p3Rp1Q/5p2/3P1P2/8/PP4PP/1K5R b - - 0 26,"{""c7c2"",""b1a1"",""c2c1"",""h1c1"",""c8c1""}",pawn,9,beginner,Pawn 9 · Mate In3,mateIn3,Black to move.,1016,Casual,"{""backRankMate"",""endgame"",""long"",""mate"",""mateIn3"",""sacrifice""}",Checkmate in three — calculate the forcing line all the way to mate.,true,lichess,Mv0jZ,8307,97,{}
lc_Q5Ggd,8/5k1p/8/N7/P4P1p/2K2N2/2P4r/8 b - - 1 42,"{""h2h3"",""c3d4"",""h3f3""}",pawn,9,beginner,Pawn 9 · Pin,pin,Black to move.,1016,Casual,"{""crushing"",""endgame"",""pin"",""short""}",A pin — the attacked piece can't move without exposing a more valuable piece behind it.,true,lichess,Q5Ggd,7865,96,{}
lc_MmaGj,3R4/5Qrk/p4p2/2p3rp/7R/6P1/Pq3P1P/6K1 w - - 1 39,"{""h4h5"",""g5h5"",""f7h5""}",pawn,9,beginner,Pawn 9 · Mate In2,mateIn2,White to move.,1016,Casual,"{""endgame"",""mate"",""mateIn2"",""short""}",Checkmate in two — a forced sequence that delivers checkmate on move two.,true,lichess,MmaGj,7424,98,{}
lc_g7Fkr,3r1r1k/p5p1/2p5/1p2N2p/3P1q2/1P5P/P1PQ2P1/6K1 w - - 0 31,"{""e5g6"",""h8g8"",""g6f4""}",pawn,9,beginner,Pawn 9 · Fork,fork,White to move.,1016,Casual,"{""crushing"",""endgame"",""fork"",""short""}","A fork — one piece attacks two enemy pieces at once, forcing a material win.",true,lichess,g7Fkr,6383,96,{}
lc_Oey8H,r3kn2/5p1p/2p1p2n/1pPpP3/pP1P1PBq/P1N4P/5QRK/R7 b q - 1 29,"{""h6g4"",""g2g4"",""h4f2""}",pawn,9,beginner,Pawn 9 · Pin,pin,Black to move.,1016,Casual,"{""crushing"",""middlegame"",""pin"",""short""}",A pin — the attacked piece can't move without exposing a more valuable piece behind it.,true,lichess,Oey8H,6009,97,{}
lc_v527j,r5k1/5pp1/3p3p/3Pp3/6Q1/3P1K1P/R1b2bP1/6q1 w - - 0 37,"{""a2a8"",""g8h7"",""g4f5"",""g7g6"",""f5f7""}",pawn,9,beginner,Pawn 9 · Mate In3,mateIn3,White to move.,1016,Casual,"{""endgame"",""hangingPiece"",""long"",""mate"",""mateIn3""}",Checkmate in three — calculate the forcing line all the way to mate.,true,lichess,v527j,5672,96,{}
lc_zQJgW,r1b5/p2p1k2/1ppb3B/3R1P2/7q/1Q6/PP3N1P/5RK1 b - - 0 25,"{""h4h2""}",pawn,9,beginner,Pawn 9 · Mate In1,mateIn1,Black to move.,1016,Casual,"{""mate"",""mateIn1"",""middlegame"",""oneMove""}",Checkmate in one — find the single move that ends the game immediately.,true,lichess,zQJgW,5518,98,{}
lc_hOKYx,8/6pk/1Q5p/8/6N1/5PPK/P6P/4q3 b - - 0 46,"{""e1f1"",""h3h4"",""g7g5"",""h4h5"",""f1h3""}",pawn,9,beginner,Pawn 9 · Mate In3,mateIn3,Black to move.,1017,Casual,"{""endgame"",""long"",""mate"",""mateIn3""}",Checkmate in three — calculate the forcing line all the way to mate.,true,lichess,hOKYx,8886,97,{}
lc_sCRZa,8/3Rr2k/p3P1pp/2p2r2/4Q3/8/Pq4PP/3R2K1 b - - 1 31,"{""b2f2"",""g1h1"",""f2f1"",""d1f1"",""f5f1""}",pawn,9,beginner,Pawn 9 · Mate In3,mateIn3,Black to move.,1017,Casual,"{""backRankMate"",""endgame"",""long"",""mate"",""mateIn3"",""sacrifice""}",Checkmate in three — calculate the forcing line all the way to mate.,true,lichess,sCRZa,8124,97,{}
lc_RHtfU,8/2p1R3/2Bn4/1P4kP/2n5/6K1/8/8 b - - 2 64,"{""d6f5"",""g3f2"",""f5e7""}",pawn,9,beginner,Pawn 9 · Fork,fork,Black to move.,1017,Casual,"{""advantage"",""endgame"",""fork"",""master"",""short""}","A fork — one piece attacks two enemy pieces at once, forcing a material win.",true,lichess,RHtfU,5470,99,{}
lc_8eibl,r1r3k1/5ppp/3p4/2qPp1b1/P1p1P3/2N2NPP/1B3QB1/R5K1 b - - 0 28,"{""g5e3"",""f2e3"",""c5e3""}",pawn,10,beginner,Pawn 10 · Pin,pin,Black to move.,1017,Casual,"{""advantage"",""kingsideAttack"",""middlegame"",""pin"",""short""}",A pin — the attacked piece can't move without exposing a more valuable piece behind it.,true,lichess,8eibl,5351,96,{}
lc_q355b,rn2k1nN/pp4pp/2p2p2/2bp4/3p1Qbq/3B4/PPPN1PPP/R1B2K1R b q - 3 12,"{""g4e2"",""d3e2"",""h4f4""}",pawn,10,beginner,Pawn 10 · Discovered Attack,discoveredAttack,Black to move.,1017,Casual,"{""advantage"",""discoveredAttack"",""opening"",""short""}",A discovered attack — moving one piece uncovers a deadly attack from another.,true,lichess,q355b,5328,97,"{""Bishops_Opening"",""Bishops_Opening_Boi_Variation""}"
lc_Zou99,4r3/ppbk3p/b5p1/2PP4/8/1P6/PB3PPP/4R1K1 w - - 6 26,"{""c5c6"",""b7c6"",""d5c6"",""d7c6"",""e1e8""}",pawn,10,beginner,Pawn 10 · Endgame,endgame,White to move.,1018,Casual,"{""crushing"",""endgame"",""exposedKing"",""long""}",An endgame technique — precise play with few pieces where every tempo counts.,true,lichess,Zou99,6689,99,{}
lc_DiBze,2k3nr/ppp2ppp/8/n7/8/4PB2/P4PPP/3R2K1 w - - 1 16,"{""f3g4"",""f7f5"",""g4f5"",""c8b8"",""d1d8""}",pawn,10,beginner,Pawn 10 · Mate In3,mateIn3,White to move.,1018,Casual,"{""backRankMate"",""endgame"",""long"",""mate"",""mateIn3""}",Checkmate in three — calculate the forcing line all the way to mate.,true,lichess,DiBze,4922,97,"{""Queens_Gambit_Declined"",""Queens_Gambit_Declined_Albin_Countergambit""}"
lc_35uc1,r3k1r1/ppp2p2/3p3p/4p3/2B1P1n1/3P1Nq1/PPPB2P1/R5QK b q - 5 17,"{""g4f2"",""g1f2"",""g3f2""}",pawn,10,beginner,Pawn 10 · Crushing,crushing,Black to move.,1019,Casual,"{""crushing"",""kingsideAttack"",""middlegame"",""short""}",Find the strongest continuation and seize the advantage.,true,lichess,35uc1,7275,96,"{""Italian_Game"",""Italian_Game_Giuoco_Pianissimo""}"
lc_49h84,8/4R1p1/p4k2/1b1p1p1p/1P4r1/2P3P1/3K4/4R3 w - - 2 49,"{""e1e6"",""f6g5"",""e7g7""}",pawn,10,beginner,Pawn 10 · Mate In2,mateIn2,White to move.,1019,Casual,"{""deflection"",""endgame"",""epauletteMate"",""interference"",""mate"",""mateIn2"",""short""}",Checkmate in two — a forced sequence that delivers checkmate on move two.,true,lichess,49h84,7141,96,{}
lc_iLKJf,1k6/pp3ppp/2p2b2/5B2/P7/P3q2P/2QN2P1/2KR4 b - - 5 33,"{""e3a3"",""c1b1"",""a3a1""}",pawn,10,beginner,Pawn 10 · Mate In2,mateIn2,Black to move.,1019,Casual,"{""endgame"",""mate"",""mateIn2"",""queensideAttack"",""short""}",Checkmate in two — a forced sequence that delivers checkmate on move two.,true,lichess,iLKJf,6826,97,{}
lc_y6MEC,3r4/8/8/R2n4/4k3/2P5/PP1p1R2/3K4 b - - 0 42,"{""d5e3"",""d1e2"",""d2d1q""}",pawn,10,beginner,Pawn 10 · Mate In2,mateIn2,Black to move.,1019,Casual,"{""advancedPawn"",""endgame"",""mate"",""mateIn2"",""promotion"",""short""}",Checkmate in two — a forced sequence that delivers checkmate on move two.,true,lichess,y6MEC,5814,98,{}
lc_DkWoH,3r4/5p1p/p5p1/1p1k4/8/P1P1RK2/5P1P/8 w - - 0 39,"{""e3d3"",""d5c4"",""d3d8""}",pawn,10,beginner,Pawn 10 · Skewer,skewer,White to move.,1019,Casual,"{""crushing"",""endgame"",""master"",""rookEndgame"",""short"",""skewer"",""superGM""}","A skewer — the higher-value piece is forced to move, losing the piece behind it.",true,lichess,DkWoH,5290,95,{}
lc_Q3oy2,8/8/7p/4kp2/5N1P/2b1P1P1/5PK1/2r5 w - - 0 48,"{""f4d3"",""e5e4"",""d3c1""}",pawn,10,beginner,Pawn 10 · Fork,fork,White to move.,1019,Casual,"{""advantage"",""endgame"",""fork"",""short""}","A fork — one piece attacks two enemy pieces at once, forcing a material win.",true,lichess,Q3oy2,4983,97,{}
lc_lf1ZE,2k4r/ppp4B/4P3/3N1p2/3P1Qb1/3q1pP1/PP3K2/2R5 b - - 0 29,"{""d3e2"",""f2g1"",""e2g2""}",pawn,10,beginner,Pawn 10 · Mate In2,mateIn2,Black to move.,1020,Casual,"{""mate"",""mateIn2"",""middlegame"",""short""}",Checkmate in two — a forced sequence that delivers checkmate on move two.,true,lichess,lf1ZE,11103,97,{}
lc_TataV,rn5r/ppp1p2p/2kp1npQ/8/4P1q1/6P1/PPPP1P1P/RNB1K1NR b KQ - 0 9,"{""g4e4"",""e1f1"",""e4h1""}",pawn,10,beginner,Pawn 10 · Fork,fork,Black to move.,1020,Casual,"{""advantage"",""fork"",""middlegame"",""short""}","A fork — one piece attacks two enemy pieces at once, forcing a material win.",true,lichess,TataV,5747,98,"{""Modern_Defense"",""Modern_Defense_Other_variations""}"
lc_honLa,3r4/p7/4kPp1/3R3p/6nP/1B6/PP4K1/8 b - - 0 34,"{""g4e3"",""g2f3"",""e3d5""}",pawn,10,beginner,Pawn 10 · Fork,fork,Black to move.,1021,Casual,"{""crushing"",""endgame"",""fork"",""master"",""short"",""superGM""}","A fork — one piece attacks two enemy pieces at once, forcing a material win.",true,lichess,honLa,8971,96,{}
lc_rdM99,5r2/P5k1/R3K2p/6p1/5p2/8/6PP/8 b - - 6 47,"{""f8f6"",""e6d5"",""f6a6""}",pawn,10,beginner,Pawn 10 · Skewer,skewer,Black to move.,1021,Casual,"{""crushing"",""endgame"",""rookEndgame"",""short"",""skewer""}","A skewer — the higher-value piece is forced to move, losing the piece behind it.",true,lichess,rdM99,5785,98,{}
lc_QFZrM,rn1qk2r/p1p2pp1/1p1b3p/3Q1n2/3P4/2P2N2/PP3PPP/RNB2RK1 b kq - 0 10,"{""d6h2"",""g1h2"",""d8d5""}",pawn,10,beginner,Pawn 10 · Discovered Attack,discoveredAttack,Black to move.,1021,Casual,"{""crushing"",""discoveredAttack"",""kingsideAttack"",""opening"",""short""}",A discovered attack — moving one piece uncovers a deadly attack from another.,true,lichess,QFZrM,5538,95,"{""French_Defense"",""French_Defense_Knight_Variation""}"
lc_S3juU,4r1k1/1pn4p/3p1p1Q/2p2P2/8/PR6/6qP/RK6 w - - 2 38,"{""b3g3"",""g2g3"",""h2g3""}",pawn,10,beginner,Pawn 10 · Fork,fork,White to move.,1021,Casual,"{""crushing"",""endgame"",""fork"",""short""}","A fork — one piece attacks two enemy pieces at once, forcing a material win.",true,lichess,S3juU,5443,96,{}
lc_CYTDb,5rk1/5p2/1Q4pp/pB1Pp1qn/4P3/P4P2/6PP/6RK b - - 0 33,"{""h5g3"",""h2g3"",""g5h5""}",pawn,10,beginner,Pawn 10 · Mate In2,mateIn2,Black to move.,1021,Casual,"{""clearance"",""endgame"",""mate"",""mateIn2"",""sacrifice"",""short""}",Checkmate in two — a forced sequence that delivers checkmate on move two.,true,lichess,CYTDb,4857,97,{}
lc_vqwu4,r2qrbk1/1p3p1p/1n3p2/pPp1p3/2P1P3/3P4/P3B1PP/RN1Q1RK1 b - - 1 17,"{""d8d4"",""g1h1"",""d4a1""}",pawn,10,beginner,Pawn 10 · Fork,fork,Black to move.,1022,Casual,"{""crushing"",""fork"",""middlegame"",""short""}","A fork — one piece attacks two enemy pieces at once, forcing a material win.",true,lichess,vqwu4,9077,95,"{""Kings_Pawn_Game"",""Kings_Pawn_Game_Other_variations""}"
lc_pkuLA,8/8/8/p4Pk1/P5P1/1p2RK1P/2r5/8 b - - 5 57,"{""b3b2"",""e3b3"",""c2c3"",""b3c3"",""b2b1q""}",pawn,10,beginner,Pawn 10 · Deflection,deflection,Black to move.,1022,Casual,"{""advancedPawn"",""crushing"",""deflection"",""endgame"",""long"",""promotion"",""rookEndgame""}",A deflection — lure a defending piece away from the square it was guarding.,true,lichess,pkuLA,6688,97,{}
lc_7AJ5p,8/PR3p2/8/4p3/4P3/5Pkp/8/r4RK1 b - - 3 40,"{""h3h2"",""g1h1"",""a1f1""}",pawn,10,beginner,Pawn 10 · Mate In2,mateIn2,Black to move.,1022,Casual,"{""advancedPawn"",""deflection"",""endgame"",""mate"",""mateIn2"",""rookEndgame"",""short""}",Checkmate in two — a forced sequence that delivers checkmate on move two.,true,lichess,7AJ5p,5420,97,{}
lc_OAUmN,6k1/5ppp/8/3Qp3/4Pn2/5P1P/6PK/1q1q4 w - - 0 41,"{""d5a8"",""b1b8"",""a8b8"",""d1d8"",""b8d8""}",pawn,10,beginner,Pawn 10 · Mate In3,mateIn3,White to move.,1023,Casual,"{""backRankMate"",""endgame"",""long"",""mate"",""mateIn3""}",Checkmate in three — calculate the forcing line all the way to mate.,true,lichess,OAUmN,8088,97,{}
lc_eKupE,rn3rk1/6p1/p3R2p/8/3p2Q1/8/1PP2qPP/2B1R2K b - - 1 23,"{""f2f1"",""e1f1"",""f8f1""}",pawn,10,beginner,Pawn 10 · Mate In2,mateIn2,Black to move.,1023,Casual,"{""backRankMate"",""mate"",""mateIn2"",""middlegame"",""sacrifice"",""short""}",Checkmate in two — a forced sequence that delivers checkmate on move two.,true,lichess,eKupE,6387,95,{}
lc_YD23K,1r4k1/3r1pp1/pB5p/1p3R2/8/2P5/PP3PPN/3R2K1 b - - 0 28,"{""d7d1"",""h2f1"",""b8b6""}",pawn,10,beginner,Pawn 10 · Hanging Piece,hangingPiece,Black to move.,1023,Casual,"{""crushing"",""endgame"",""hangingPiece"",""master"",""short""}",A hanging piece — an undefended enemy piece is free to capture.,true,lichess,YD23K,5454,98,{}
lc_9YDFS,3r1rk1/ppq2ppp/2p5/2Pn4/1P1N4/P3PR1P/4Q1P1/3R2K1 b - - 2 23,"{""d5c3"",""e2d3"",""c3d1""}",pawn,10,beginner,Pawn 10 · Fork,fork,Black to move.,1023,Casual,"{""advantage"",""fork"",""master"",""middlegame"",""short""}","A fork — one piece attacks two enemy pieces at once, forcing a material win.",true,lichess,9YDFS,4977,96,{}
lc_WCTJy,r1r3k1/5p2/3p2pp/3q4/p1PbNP2/4Q3/5RPP/2R3K1 w - - 0 28,"{""e4f6"",""g8g7"",""f6d5"",""d4e3"",""d5e3""}",pawn,10,beginner,Pawn 10 · Advantage,advantage,White to move.,1024,Casual,"{""advantage"",""long"",""middlegame""}",Find the strongest continuation and seize the advantage.,true,lichess,WCTJy,12752,100,{}
lc_bPrGE,2r2rk1/pbqn3n/1p1bp1p1/3p2PQ/2pP3P/2P1P3/PPBN4/R1B2RK1 w - - 0 18,"{""h5g6"",""g8h8"",""g6h7""}",pawn,10,beginner,Pawn 10 · Mate In2,mateIn2,White to move.,1024,Casual,"{""kingsideAttack"",""mate"",""mateIn2"",""middlegame"",""short""}",Checkmate in two — a forced sequence that delivers checkmate on move two.,true,lichess,bPrGE,7144,95,"{""Queens_Pawn_Game"",""Queens_Pawn_Game_Other_variations""}"
lc_AOO6P,2krr3/Rbp1R1n1/1p3p2/1q4p1/3p3p/1B1P3P/2P2PP1/Q5K1 w - - 1 24,"{""a7a8"",""b7a8"",""a1a8""}",pawn,10,beginner,Pawn 10 · Mate In2,mateIn2,White to move.,1025,Casual,"{""mate"",""mateIn2"",""middlegame"",""queensideAttack"",""sacrifice"",""short""}",Checkmate in two — a forced sequence that delivers checkmate on move two.,true,lichess,AOO6P,13816,96,{}
lc_E2t1o,8/pp4kp/2pb3n/3p1p1Q/3PqPp1/6P1/PPPBN3/5K2 w - - 2 32,"{""h5g5"",""g7f8"",""g5h6""}",pawn,10,beginner,Pawn 10 · Deflection,deflection,White to move.,1025,Casual,"{""advantage"",""deflection"",""endgame"",""short""}",A deflection — lure a defending piece away from the square it was guarding.,true,lichess,E2t1o,5714,98,{}
lc_4q2WA,2kr2r1/Q2p1p2/p3p2p/q7/bp2P2P/1P1BP3/P1P5/2K3nR w - - 0 23,"{""d3a6"",""a5a6"",""a7a6""}",pawn,10,beginner,Pawn 10 · Crushing,crushing,White to move.,1025,Casual,"{""crushing"",""middlegame"",""queensideAttack"",""short""}",Find the strongest continuation and seize the advantage.,true,lichess,4q2WA,5546,97,{}
